"1","1","0.0","Only I Level Up","2023-09-05 17:12:45","0"
"2","1","0.0","Chapter 0.0","2024-02-18 21:59:49","0"
"3","1","0.0","Chapter 0.0","2024-02-18 21:59:41","0"
"4","1","1.0","The Weakest Hunter","2023-09-05 17:12:48","0"
"5","1","1.0","Chapter 1.0","2024-02-18 21:59:43","0"
"6","1","1.0","Chapter 1.0","2024-02-18 21:59:52","0"
"7","1","2.0","Chapter 2.0","2024-02-18 21:59:45","0"
"8","1","2.0","Chapter 2.0","2024-02-18 21:59:53","0"
"9","1","2.0","Double Dungeon","2023-09-05 17:12:49","0"
"10","1","3.0","Chapter 3.0","2024-02-18 21:59:55","0"
"11","1","3.0","Chapter 3.0","2024-02-18 21:59:47","0"
"12","1","3.0","Statue","2023-09-05 17:12:52","0"
"13","1","4.0","\"The Lord\"","2023-09-05 17:12:53","0"
"14","1","5.0","The Rules of the Dungeon","2023-09-05 17:12:54","0"
"15","1","6.0","Terror","2023-09-05 17:12:56","0"
"16","1","7.0","The Thread Between Life and Death","2023-09-05 17:12:58","0"
"17","1","8.0","The Altar of Life","2023-09-05 17:13:00","0"
"18","1","9.0","The Exit is Open","2023-09-05 17:13:01","0"
"19","1","10.0","Becoming a \"Player\"","2023-09-05 17:14:05","0"
"20","1","11.0","The System's Punishment","2023-09-05 17:14:06","0"
"21","1","12.0","The Reawakening of the Weak","2023-09-05 17:14:09","0"
"22","1","13.0","Solo Against the Wolves","2023-09-05 17:14:10","0"
"23","1","14.0","Wolf Slayer","2023-09-05 17:14:11","0"
"24","1","15.0","Dungeon Boss","2023-09-05 17:14:12","0"
"25","3","1.0","Chapter 1.0","2018-12-30 12:51:36","37"
"26","3","2.0","Chapter 2.0","2019-02-09 02:38:45","38"
"27","3","3.0","Chapter 3.0","2019-03-18 05:56:40","38"
"28","3","4.0","Chapter 4.0","2019-04-01 16:32:01","37"
"29","3","5.0","Chapter 5.0","2019-05-02 16:00:02","38"
"30","3","6.0","Chapter 6.0","2019-06-02 07:38:09","36"
"31","3","7.0","Chapter 7.0","2019-06-30 17:12:58","35"
"32","3","8.0","Chapter 8.0","2019-07-28 16:25:42","36"
"33","3","9.0","Chapter 9.0","2019-09-04 16:05:11","36"
"34","3","10.1","Chapter 10.1","2019-10-01 17:10:38","21"
"35","3","10.2","Chapter 10.2","2019-10-30 16:41:07","22"
"36","3","11.0","Chapter 11.0","2019-12-07 14:09:51","33"
"37","3","12.0","Chapter 12.0","2019-12-30 03:02:29","33"
"38","3","13.0","Chapter 13.0","2020-01-26 16:40:48","37"
"39","3","14.0","Chapter 14.0","2020-03-02 16:08:12","34"
"40","3","15.0","Chapter 15.0","2020-03-28 14:20:24","36"
"41","3","16.0","Chapter 16.0","2020-05-03 15:40:43","34"
"42","3","17.0","Version 2","2020-06-13 14:03:27","33"
"43","3","18.0","Chapter 18.0","2020-06-29 13:21:35","36"
"44","3","19.0","Chapter 19.0","2020-08-06 11:15:29","23"
"45","3","20.0","Chapter 20.0","2020-08-28 11:05:16","27"
"46","3","21.0","Chapter 21.0","2020-09-29 11:30:06","27"
"47","3","22.0","Chapter 22.0","2020-10-28 12:40:42","33"
"48","3","23.0","Chapter 23.0","2020-11-29 11:42:19","35"
"49","3","24.0","Chapter 24.0","2020-12-31 12:17:19","32"
"50","3","25.0","Chapter 25.0","2021-01-30 11:30:12","35"
"51","3","26.0","Chapter 26.0","2021-03-01 12:43:31","37"
"52","3","27.0","Chapter 27.0","2021-07-09 13:53:19","33"
"53","3","28.0","Chapter 28.0","2021-07-08 15:17:51","37"
"54","3","29.0","Chapter 29.0","2021-07-08 15:21:49","35"
"55","3","30.0","Chapter 30.0","2021-07-08 15:25:35","38"
"56","3","31.0","Chapter 31.0","2021-07-30 23:41:19","30"
"57","3","32.0","Chapter 32.0","2021-08-28 01:06:46","37"
"58","3","33.0","Chapter 33.0","2021-09-29 15:40:19","31"
"59","3","34.0","Chapter 34.0","2021-10-28 16:45:27","31"
"60","3","35.0","Chapter 35.0","2021-11-30 14:54:54","35"
"61","3","36.0","Chapter 36.0","2022-01-02 09:43:47","36"
"62","3","37.0","Chapter 37.0","2022-01-28 14:32:29","35"
"63","3","38.0","Chapter 38.0","2022-03-02 10:27:55","34"
"64","3","39.0","Chapter 39.0","2022-04-15 09:24:59","35"
"65","3","39.0","Chapter 39.0","2022-03-27 15:12:20","36"
"66","3","40.0","Chapter 40.0","2022-04-30 17:56:53","34"
"67","3","40.0","Chapter 40.0","2022-04-25 19:57:23","34"
"68","3","41.0","Chapter 41.0","2022-05-27 09:38:40","36"
"69","3","42.0","Chapter 42.0","2022-06-28 15:48:16","34"
"70","3","43.0","Chapter 43.0","2022-07-30 14:31:53","33"
"71","3","44.0","Chapter 44.0","2022-08-31 08:08:17","36"
"72","3","45.0","Chapter 45.0","2022-10-04 16:20:24","33"
"73","3","46.0","Chapter 46.0","2022-11-02 17:19:00","34"
"74","3","47.0","Chapter 47.0","2022-12-05 22:38:46","32"
"75","3","48.0","Chapter 48.0","2023-01-04 08:01:46","35"
"76","3","49.0","Chapter 49.0","2023-02-05 14:32:34","33"
"77","3","50.0","Chapter 50.0","2023-02-26 13:19:58","32"
"78","3","50.0","Chapter 50.0","2023-03-01 17:23:03","33"
"79","3","51.0","Chapter 51.0","2023-03-26 08:09:57","30"
"80","3","52.0","Chapter 52.0","2023-05-02 05:27:30","37"
"81","3","53.0","Chapter 53.0","2023-05-31 03:33:07","33"
"82","3","54.0","Chapter 54.0","2023-07-02 09:23:50","34"
"83","3","55.0","Chapter 55.0","2023-08-02 01:24:54","32"
"84","3","56.0","Chapter 56.0","2023-08-30 20:05:29","35"
"85","3","57.0","Chapter 57.0","2023-10-05 18:20:41","38"
"86","3","58.0","Chapter 58.0","2023-11-01 07:50:52","33"
"87","3","59.0","Chapter 59.0","2023-12-03 17:19:16","36"
"88","3","60.1","Chapter 60.1","2024-01-07 17:19:20","19"
"89","3","60.2","Chapter 60.2","2024-01-31 15:51:14","19"
"90","3","61.0","Chapter 61.0","2024-03-05 17:48:32","35"
"91","3","62.0","Chapter 62.0","2024-04-03 15:54:29","31"
"92","3","63.0","Chapter 63.0","2024-04-30 18:33:00","33"
"93","3","64.0","Chapter 64.0","2024-06-01 17:01:02","34"
"94","3","65.0","Chapter 65.0","2024-07-05 07:14:40","38"
"95","3","66.1","Chapter 66.1","2024-07-31 08:19:09","15"
"96","3","66.2","Chapter 66.2","2024-08-29 09:57:34","15"
"97","3","67.0","Chapter 67.0","2024-10-12 05:16:00","31"
"98","3","68.0","Chapter 68.0","2024-10-31 10:59:53","33"
"99","3","69.0","Chapter 69.0","2024-12-03 15:49:56","28"
"100","3","69.5","Vol 17 Extras","2026-03-07 11:05:15","12"
"101","3","70.0","Chapter 70.0","2025-01-04 08:40:32","32"
"102","3","71.1","Chapter 71.1","2025-02-02 11:01:07","19"
"103","3","71.2","Chapter 71.2","2025-03-03 01:46:44","17"
"104","3","72.1","Chapter 72.1","2025-04-01 04:25:18","17"
"105","3","72.2","Chapter 72.2","2025-05-01 05:52:16","14"
"106","3","73.1","Chapter 73.1","2025-12-08 12:48:45","20"
"107","3","73.2","Chapter 73.2","2025-12-08 18:34:25","18"
"108","3","74.0","Chapter 74.0","2025-12-08 18:36:04","23"
"109","3","75.0","Chapter 75.0","2025-12-08 18:36:37","34"
"110","3","76.1","Chapter 76.1","2025-12-10 01:37:52","16"
"111","3","76.2","Chapter 76.2","2025-12-10 02:11:26","14"
"112","3","77.0","Chapter 77.0","2025-12-10 02:12:17","29"
"113","3","78.0","Chapter 78.0","2026-01-12 10:16:01","36"
"114","3","79.1","Chapter 79.1","2026-02-07 05:23:13","20"
"115","3","79.2","Chapter 79.2","2026-03-30 06:03:49","20"
"116","3","79.2","Chapter 79.2","2026-03-27 09:24:13","21"
"117","3","80.0","Chapter 80.0","2026-04-01 10:50:18","32"
"118","6","1.0","Chapter 1.0","2024-05-01 15:29:06","0"
"119","6","1.0","Dog & Chainsaw","2025-11-05 01:10:05","0"
"120","6","1.0","A Dog and a Chainsaw","2020-06-30 00:05:51","53"
"121","6","2.0","Chapter 2.0","2024-05-01 15:29:09","0"
"122","6","2.0","The Place Where Pochita Is","2025-11-05 01:10:08","0"
"123","6","2.0","Pochita's Whereabouts","2020-06-30 00:06:19","26"
"124","6","3.0","Arrival in Tokyo","2020-06-30 00:06:48","24"
"125","6","3.0","Chapter 3.0","2024-05-01 15:29:11","0"
"126","6","3.0","Arrival in Tokyo","2025-11-05 01:10:10","0"
"127","6","4.0","Power","2020-06-30 00:07:08","20"
"128","6","5.0","The Way to Feel Breasts","2020-06-30 00:07:28","20"
"129","6","6.0","Setting to Work","2020-06-30 00:07:52","20"
"130","6","7.0","Nyako's Whereabouts","2020-06-30 00:08:16","19"
"131","6","8.0","Chainsaw Vs Bat","2020-06-30 00:08:43","18"
"132","6","9.0","Rescue","2020-06-30 00:09:05","20"
"133","6","10.0","Kon","2020-06-30 00:09:24","20"
"134","6","11.0","Compromise","2020-06-30 00:09:40","20"
"135","6","12.0","Squeeze","2020-06-30 00:10:03","19"
"136","6","13.0","The Gun Devil","2020-06-30 00:10:23","19"
"137","6","14.0","Sexy Kiss","2020-06-30 00:10:35","19"
"138","6","15.0","Endless 8th Floor","2020-06-30 00:10:52","22"
"139","6","16.0","The First Taste","2020-06-30 00:11:05","20"
"140","6","17.0","Kill Denji","2020-06-30 00:11:21","19"
"141","6","18.0","Chainsaw Vs Eternity","2020-06-30 00:11:37","20"
"142","6","19.0","Nobel Prize","2020-06-30 00:11:53","19"
"143","6","20.0","Drinking","2020-06-30 00:12:08","19"
"144","6","21.0","The Taste of a Kiss","2020-06-30 00:12:27","20"
"145","6","22.0","Chupa Chups Cola Flavor","2020-06-30 00:30:53","20"
"146","6","23.0","Gunshot","2020-06-30 00:31:06","21"
"147","6","24.0","Curse","2020-06-30 00:31:18","19"
"148","6","25.0","Ghost, Snake, Chainsaw","2020-06-30 00:31:30","18"
"149","6","26.0","Guns Are Powerful","2020-06-30 00:31:42","20"
"150","6","27.0","From Kyoto","2020-06-30 00:31:54","19"
"151","6","28.0","Secrets and Lies","2020-06-30 00:32:04","20"
"152","6","29.0","A Perfect 100","2020-06-30 00:32:16","22"
"153","6","30.0","Even More Battered","2020-06-30 00:32:26","20"
"154","6","31.0","The Future is Best","2020-06-30 00:32:36","20"
"155","6","32.0","Over and Over and Over and Over","2020-06-30 00:32:48","19"
"156","6","33.0","The Operation Begins","2020-06-30 00:32:58","21"
"157","6","34.0","All Members Assemble","2020-06-30 00:33:10","18"
"158","6","35.0","Minor","2020-06-30 00:33:20","20"
"159","6","36.0","Katana Vs Chainsaw","2020-06-30 00:33:32","18"
"160","6","37.0","Train, Head, Chainsaw","2020-06-30 00:33:45","17"
"161","6","38.0","For an Easy Revenge!","2020-06-30 00:33:58","26"
"162","6","39.0","Sudden Tears","2020-06-30 00:34:12","20"
"163","6","40.0","Love, Flower, Chainsaw","2020-06-30 00:34:22","20"
"164","6","41.0","Before the Storm","2020-06-30 00:34:34","20"
"165","6","42.0","Learning How to Swim","2020-06-30 00:34:48","20"
"166","6","43.0","Jane Slept in the Church","2020-06-30 00:35:11","23"
"167","6","44.0","Bang Bang Bang","2020-06-30 00:35:27","18"
"168","6","45.0","An Explosive State of Affairs","2020-06-30 00:35:38","20"
"169","6","46.0","The Melody of a Massacre","2020-06-30 00:35:52","22"
"170","6","47.0","Luck With Women","2020-06-30 00:36:05","20"
"171","6","48.0","Boom Boom Boom","2020-06-30 00:36:20","20"
"172","6","49.0","Sharknado","2020-06-30 00:36:35","21"
"173","6","50.0","Sharknado Pt. 2","2020-06-30 00:36:50","17"
"174","6","51.0","Dark Diving","2020-06-30 00:37:00","20"
"175","6","52.0","Broken Heart, Flower, Chainsaw","2020-01-01 14:41:06","20"
"176","6","53.0","Inside A Dream","2020-01-22 21:37:28","24"
"177","6","54.0","In Order to go to Enoshima","2020-01-22 21:38:36","19"
"178","6","55.0","Let's Go","2020-01-26 22:34:30","20"
"179","6","56.0","Curse and First","2020-02-03 19:26:14","20"
"180","6","57.0","All of a Sudden","2020-02-10 04:36:52","20"
"181","6","58.0","Kurose Yuutarou","2020-02-18 11:40:32","19"
"182","6","59.0","A Mess","2020-02-27 03:33:13","22"
"183","6","60.0","Guanxi and The Fiends' Forty-Nine Man Slash","2020-03-11 03:03:52","22"
"184","6","61.0","News Reporter","2020-03-11 03:07:20","23"
"185","6","62.0","An Even Bigger Mess","2020-03-19 00:17:59","21"
"186","6","63.0","A Trip To Hell","2020-03-24 23:03:53","19"
"187","6","64.0","Welcome to Hell","2020-03-31 01:28:24","20"
"188","6","65.0","The Devil of the Dark","2020-04-06 22:44:41","20"
"189","6","66.0","Woof!","2020-04-13 16:24:47","21"
"190","6","67.0","The first devil hunter","2020-04-28 14:20:48","20"
"191","6","68.0","Dark Power","2020-05-14 15:05:20","20"
"192","6","69.0","Shining Power","2020-05-21 19:45:23","19"
"193","6","70.0","Pluck","2020-05-27 12:02:37","20"
"194","6","71.0","Bath","2020-06-03 21:46:49","23"
"195","6","72.0","Everyone Together","2020-06-09 22:27:50","20"
"196","6","73.0","The Everyday Comes To An End","2020-06-16 19:51:57","22"
"197","6","74.0","The Whispering of the Waves","2020-06-23 16:18:09","20"
"198","6","75.0","9/12","2020-06-27 15:36:36","16"
"199","6","76.0","Don't Open It","2020-07-11 04:13:54","17"
"200","6","77.0","Ding Dong Ding Dong","2020-07-15 22:43:52","20"
"201","6","78.0","Snowball Fight","2020-07-20 21:52:35","18"
"202","6","79.0","Catch","2020-08-06 21:08:29","21"
"203","6","80.0","How A Dog Feels","2020-08-11 22:22:29","20"
"204","6","81.0","Paw","2020-08-25 14:35:00","18"
"205","6","82.0","A Balanced Breakfast","2020-09-01 15:38:44","19"
"206","6","83.0","Death, Resurrection, Chainsaw","2020-09-10 20:51:54","17"
"207","6","84.0","Hell's Hero","2020-09-16 14:16:00","19"
"208","6","84.0","The Hero of Hell","2020-09-13 17:03:21","18"
"209","6","85.0","Blood and Guts Feelin' So Good","2020-09-22 21:00:31","23"
"210","6","86.0","Chainsaw Date","2020-09-28 16:03:26","19"
"211","6","87.0","Chainsawman vs The Weaponmasters of Terror","2020-10-09 14:43:26","19"
"212","6","88.0","Chainsaw Star","2020-10-14 14:01:11","19"
"213","6","89.0","Go Chainsawman","2020-10-19 19:54:16","19"
"214","8","1.0","Reincarnated into Darkness","2018-10-14 12:14:51","50"
"215","8","2.0","Towards Determination","2018-11-11 07:03:36","18"
"216","8","3.0","The Thing That Rests Underground","2018-12-25 14:56:34","36"
"217","8","4.0","Enrollment","2019-02-22 15:58:39","20"
"218","8","5.0","The Normal. Then The Abnormal.","2019-04-22 14:15:30","37"
"219","8","5.5","extra","2020-03-01 00:45:28","4"
"220","8","6.0","Power","2019-07-05 07:07:06","21"
"221","8","7.0","White Gloves","2019-08-11 06:19:27","43"
"222","8","8.0","The Night Before The Match","2019-08-30 17:09:31","27"
"223","8","9.0","These Guys Are A Pain In The Ass","2019-10-10 15:46:10","36"
"224","8","10.0","It's The Best!","2019-10-16 18:45:21","35"
"225","8","10.5","extra 2","2020-03-01 23:41:37","7"
"226","8","11.0","Love","2019-11-05 07:55:57","23"
"227","8","12.0","Fools","2019-11-05 09:59:31","45"
"228","8","13.0","Beginning of Episode 1","2019-11-08 16:43:24","23"
"229","8","14.0","End of Episode 1","2019-11-12 15:49:01","20"
"230","8","15.0","A Woman’s Friendship is But a Fantasy","2019-12-13 13:48:52","31"
"231","8","16.0","The Queen","2020-01-13 16:18:59","22"
"232","8","16.5","Volume 3 Extras","2020-05-20 05:11:12","2"
"233","8","17.0","Confession of Love","2020-02-12 15:09:06","37"
"234","8","18.0","Items of the Saint","2020-03-12 13:56:06","21"
"235","8","19.0","Clarice-Senpai","2020-04-14 09:18:10","33"
"236","8","20.0","Individual Circumstances","2020-05-06 15:48:52","16"
"237","8","21.0","Rift","2020-06-15 02:18:41","51"
"238","8","21.5","Extra","2024-12-09 06:50:47","18"
"239","8","22.0","Prelude to the Collapse","2020-07-19 04:26:10","21"
"240","8","23.0","Sky Pirate Subjugation I","2020-09-06 23:02:40","49"
"241","8","24.0","Sky Pirate Subjugation II","2020-10-09 22:24:40","37"
"242","8","25.0","Sky Pirate Subjugation III","2020-11-04 18:59:29","22"
"243","8","26.0","The Correct Path","2021-01-08 17:25:53","32"
"244","8","26.0","The right way","2020-12-31 02:33:49","34"
"245","8","26.5","Extra","2025-01-03 21:36:15","13"
"246","8","27.0","A Momentary Rest","2021-01-16 15:52:39","42"
"247","8","28.0","Hertrude","2021-02-10 12:23:06","44"
"248","8","29.0","Taking the Plunge","2021-03-19 15:12:05","31"
"249","8","30.0","Into Battle","2021-07-09 10:57:00","18"
"250","8","31.0","\"The Power of the Saint\"","2021-07-09 10:59:29","19"
"251","8","31.5","Extra","2025-01-03 21:37:57","16"
"252","8","32.0","Friend","2021-07-09 11:05:55","36"
"253","8","33.0","Livia","2021-07-08 14:57:24","32"
"254","8","34.0","Black Knight","2021-08-05 22:11:22","26"
"255","8","35.0","Victory","2021-09-02 07:25:35","37"
"256","8","36.0","Chapter 36.0","2021-10-24 12:52:18","29"
"257","8","36.0","Post-war Management","2021-10-07 10:57:28","27"
"258","8","36.5","Extra","2025-01-03 21:40:15","13"
"259","8","37.0","Chapter 37.0","2021-11-05 23:41:04","41"
"260","8","38.0","Chapter 38.0","2021-12-03 22:50:49","34"
"261","8","39.0","The Saint’s Bodyguard","2022-01-10 19:56:08","25"
"262","8","40.0","A New Journey","2022-02-11 18:28:40","30"
"263","8","41.0","Elven Town","2022-03-19 22:39:15","30"
"264","8","41.5","Extra","2025-01-03 21:41:33","20"
"265","8","42.0","Underground of Ruins","2022-04-11 12:17:17","22"
"266","8","43.0","The Secret of the Ruins","2022-05-09 20:28:18","25"
"267","8","44.0","Collective Chief's Fortune-Telling","2022-06-29 13:20:46","44"
"268","8","45.0","Conspiracy","2022-07-16 15:43:50","34"
"269","8","46.0","Unexpected","2022-08-12 09:40:42","32"
"270","8","46.5","Extra","2025-01-03 21:43:22","27"
"271","8","47.0","Various Groups...","2022-10-12 21:35:44","31"
"272","8","49.0","Path of Knighthood","2022-12-28 10:43:00","35"
"273","8","50.0","Becoming The Supreme Commander","2023-01-24 16:27:09","20"
"274","8","51.0","So It's You!???","2023-02-17 14:20:13","39"
"275","8","51.5","Extra","2025-01-03 21:44:44","15"
"276","8","52.0","Love and Friendship","2023-03-26 17:23:39","12"
"277","8","53.0","Fight For My Sake","2023-04-23 18:31:45","40"
"278","8","54.0","Love Test","2023-05-19 05:16:48","34"
"279","8","55.0","Surprise Attack","2023-07-11 01:10:42","33"
"280","8","55.0","Incursion","2023-06-21 20:21:04","32"
"281","8","56.0","Demon","2023-07-11 01:14:52","38"
"282","8","56.5","Extra","2025-01-03 21:46:09","17"
"283","8","57.0","Masked Knight","2023-08-10 00:19:26","10"
"284","8","58.0","Cleare","2023-09-21 18:24:26","25"
"285","8","59.0","Kingdom vs Principality","2023-11-16 21:23:09","30"
"286","8","60.0","Will of the Principality","2024-01-03 18:28:48","27"
"287","8","61.0","Guardian Of The Earth","2024-02-08 15:47:23","24"
"288","8","62.0","Surrender","2024-02-25 20:25:53","40"
"289","8","62.5","Extra","2025-01-03 21:48:01","17"
"290","8","63.0","Reckoning","2024-04-20 10:09:54","29"
"291","8","64.0","Reality of the Kingdom","2024-06-08 15:16:17","22"
"292","8","65.0","As Expected of These Idiots","2024-06-26 11:35:03","26"
"293","8","66.0","Which One?","2024-07-11 18:25:48","24"
"294","8","67.0","Do We Go On?","2024-08-22 16:08:43","26"
"295","8","68.0","This Otome Game Has Been Quite Harsh on Me","2024-09-22 10:43:36","36"
"296","8","68.5","Extra","2025-01-03 21:50:28","15"
"297","9","109.0","Mortal Combat","2025-04-13 17:27:14","31"
"298","9","109.0","Mortal Combat","2025-04-17 19:17:02","30"
"299","9","110.0","Loss","2025-05-28 21:04:10","39"
"300","9","110.0","Loss","2026-04-05 23:04:28","38"
"301","9","111.0","Parents","2025-06-14 23:03:35","31"
"302","9","111.0","Parents","2026-04-05 23:04:52","31"
"303","9","112.0","Chapter 112.0","2026-04-03 01:35:16","24"
"304","9","112.0","Disillusionment","2026-04-05 23:06:08","23"
"305","9","113.0","Facing Forward","2026-04-05 23:06:31","29"
"306","9","113.0","Looking ahead ","2026-04-05 03:35:04","28"
"307","9","114.0","Excuses","2026-04-05 23:06:52","31"
"308","9","115.0","Homecoming","2026-04-05 23:07:12","30"
"309","9","116.0","Pandemonium","2026-04-05 23:07:45","44"
"310","9","117.0","Birth","2026-04-05 23:08:05","26"
"311","9","118.0","The Provider","2026-04-12 04:09:54","25"
"312","10","288.0","Rumiko-chan and Kometani-kun","2021-01-28 13:12:48","12"
"313","10","500.0","We're in University.","2025-04-04 14:37:44","9"
"314","10","500.5","Omake","2025-04-04 14:39:24","11"
"315","11","1.0","Chapter 1.0","2019-02-08 03:28:30","46"
"316","11","1.0","Hero Candidate","2019-04-23 19:34:21","41"
"317","11","2.0","Chapter 2.0","2019-02-09 22:23:34","31"
"318","11","3.0","Chapter 3.0","2019-03-09 04:07:03","30"
"319","11","3.5","Chapter 3.5","2021-09-17 22:42:03","4"
"320","11","4.0","Fenris III","2019-04-12 22:16:58","26"
"321","11","5.0","Comrades","2019-05-20 17:27:43","29"
"322","11","6.0","Training","2019-08-01 20:35:41","36"
"323","11","7.0","Visitor","2019-09-04 19:02:18","30"
"324","11","8.0","Old Time.","2019-09-29 14:10:43","32"
"325","11","9.0","Invasion","2019-10-26 16:24:22","34"
"326","11","10.0","The Demon \"Hiya\".","2019-12-01 16:54:06","27"
"327","11","11.0","Precious Things.","2020-01-24 20:48:42","32"
"328","11","12.0","Dark Grand Mage Damarinasse","2020-02-22 17:37:41","31"
"329","11","13.0","True Strength","2020-03-22 16:23:12","33"
"330","11","14.0","Farewell.","2020-05-22 19:59:47","23"
"331","11","15.0","The Dream Of A Former Knight.","2020-07-28 09:12:33","38"
"332","11","16.0","From Here And On.","2020-08-22 04:32:20","35"
"333","11","17.0","The King Of The Demon.","2020-09-20 16:35:46","31"
"334","11","18.0","Negotiation.","2020-10-11 05:21:06","32"
"335","11","19.0","The Pride of Demons.","2020-11-11 14:40:34","35"
"336","11","20.0","To Each, Their Wishes.","2020-12-14 17:13:55","29"
"337","11","21.0","New Residents","2021-02-04 15:25:46","33"
"338","11","22.0","Luck and Misfortune.","2021-03-01 06:07:46","31"
"339","11","23.0","Kinousaki Onsen.","2021-07-07 16:33:48","29"
"340","11","24.0","Roles.","2021-07-07 16:35:40","31"
"341","11","25.0","Monster Customer.","2021-07-16 13:02:19","32"
"342","11","26.0","Enjoying Hot Spring.","2021-08-15 07:45:24","29"
"343","11","27.0","Covert Operation.","2021-09-20 15:48:52","31"
"344","11","28.0","The Demon Fox Sister","2021-10-26 15:55:43","31"
"345","11","29.0","Legendary Class Magic Tool.","2021-12-17 12:11:12","32"
"346","11","30.0","Helping Hands.","2022-01-13 13:30:32","30"
"347","11","31.0","The Goddess of the God's Realm.","2022-03-03 14:32:52","31"
"348","11","32.0","Departure.","2022-04-18 21:11:30","33"
"349","11","33.1","Dreams Coming True","2022-09-11 00:43:03","17"
"350","11","33.2","Dreams Coming True (2)","2022-09-14 14:25:25","16"
"351","11","34.0","Races’ Desires","2022-09-23 20:55:44","30"
"352","11","35.0","The Wolves of Justice","2022-10-04 16:08:42","35"
"353","11","36.0","Price of Control","2022-10-18 18:57:47","34"
"354","11","37.0","Those Who Have Been Saved","2022-11-14 15:59:00","31"
"355","11","38.0","Research","2022-12-06 18:12:12","32"
"356","11","39.0","The Dark Clan","2022-12-31 19:00:26","30"
"357","11","40.0","Suppression","2023-02-07 16:38:00","30"
"358","11","41.0","Suggestion ","2023-03-18 16:13:03","31"
"359","11","42.0","Sense of Values","2023-05-11 16:36:41","32"
"360","11","43.0","Magical Devices","2023-06-15 19:29:36","33"
"361","11","44.0","Time for Two","2023-08-01 16:22:45","31"
"362","11","45.0","Gate of Passage  ","2023-09-04 15:51:30","32"
"363","11","46.0","The Hero’s Memoirs","2023-10-17 17:37:48","32"
"364","11","47.0","Task","2023-11-20 16:04:44","31"
"365","11","48.0","The Wyverns’ Home","2024-01-15 19:25:39","32"
"366","11","49.0","The Three Djinns of the Dark World","2024-02-21 22:49:01","30"
"367","11","50.0","Magic Stones and Mana","2024-02-21 22:51:10","32"
"368","11","51.0","Avalanche","2024-02-21 22:52:17","31"
"369","11","52.0","Entrusted Heart","2024-04-03 20:48:10","31"
"370","11","53.0","Playing in the Snow","2024-06-19 16:01:05","35"
"371","11","54.0","The Handful Newcomer","2024-08-22 16:27:41","32"
"372","11","55.0","Celestial Magic","2024-09-27 21:18:37","33"
"373","11","56.0","The Life Within   ","2024-12-20 16:02:46","33"
"374","11","57.0","The Value of Strength","2025-01-22 22:11:45","33"
"375","11","58.0","New Values","2025-02-06 16:31:49","33"
"376","11","59.0","Childbirth Preparations","2025-04-02 15:03:26","33"
"377","11","60.0","Two Hopes ","2025-05-02 23:02:41","32"
"378","11","61.0","Growth…? ","2025-05-05 23:10:01","33"
"379","11","62.0","The Twins’ Growth ","2025-05-07 15:51:59","32"
"380","11","63.0","A Place to Belong ","2025-05-13 17:12:46","32"
"381","11","64.0","Half-Blood Children","2025-09-19 20:43:07","33"
"382","11","65.0","The First Time","2025-09-22 15:13:35","31"
"383","11","66.0","Encounters and Construction","2025-10-27 04:01:15","30"
"384","11","67.0","Gossip","2025-11-12 05:20:35","31"
"385","11","68.0","Trial and Error","2025-12-08 09:48:23","32"
"386","11","69.0","Chapter 69.0","2026-01-19 05:51:56","31"
"387","11","70.0","Chapter 70.0","2026-03-28 10:54:28","34"
"388","12","1.0","Senpai, you're kinda...","2023-12-24 19:17:28","0"
"389","12","2.0","Observing Senpai is fun...","2023-12-24 20:18:30","0"
"390","13","74.1","Chapter 74.1","2025-04-10 13:22:43","16"
"391","13","74.2","Chapter 74.2","2025-05-08 08:00:36","16"
"392","13","75.1","Chapter 75.1","2025-11-22 15:41:27","14"
"393","13","75.2","Chapter 75.2","2025-11-22 15:41:57","18"
"394","13","76.1","Chapter 76.1","2025-11-23 20:48:01","20"
"395","13","76.2","Chapter 76.2","2025-11-23 20:48:33","18"
"396","13","77.1","Chapter 77.1","2025-11-25 21:41:45","17"
"397","13","77.2","Chapter 77.2","2026-02-05 18:11:30","20"
"398","13","78.1","Chapter 78.1","2026-02-05 18:12:32","18"
"399","13","78.1","Chapter 78.1","2026-03-26 21:23:53","18"
"400","13","78.2","Chapter 78.2","2026-03-26 21:24:12","18"
"401","14","1.0","Chapter 1.0","2018-01-22 02:51:34","20"
"402","14","1.0","Rejected as a Hero","2020-11-14 15:56:48","26"
"403","14","1.0","A Hero...Disqualified","2023-12-03 02:42:09","0"
"404","14","2.0","Chapter 2.0","2018-01-22 03:02:07","24"
"405","14","2.0","What's at the \"End of The World\"?","2023-12-03 02:42:10","0"
"406","14","2.0","What Lies Ahead Of The Edge Of The World","2020-11-14 15:53:27","26"
"407","14","3.0","To Trigger Or Not To Trigger a Flag","2020-11-14 15:58:23","27"
"408","14","3.0","Chapter 3.0","2018-01-22 03:02:44","25"
"409","14","3.0","To Activate the Event or Not","2023-12-03 02:42:13","0"
"410","14","4.0","The Dragon's Trick","2020-11-14 16:00:00","29"
"411","14","4.0","Chapter 4.0","2018-02-01 08:23:51","27"
"412","14","5.0","The Noisy Samurai","2020-11-14 16:01:16","26"
"413","14","5.0","Chapter 5.0","2018-02-01 08:24:13","24"
"414","14","6.0","Chapter 6.0","2018-02-01 08:24:56","24"
"415","14","6.0","Black Spider Of Calamity","2020-11-14 16:02:36","27"
"416","14","7.0","Chapter 7.0","2018-02-01 08:25:25","24"
"417","14","7.0","Deep Lover","2020-11-14 16:03:45","25"
"418","14","7.5","Omake","2020-11-14 16:05:20","7"
"419","14","8.0","Chapter 8.0","2018-02-01 08:25:51","26"
"420","14","8.0","The Meaning Of A Name","2020-12-13 01:57:40","34"
"421","14","9.0","Chapter 9.0","2018-02-01 08:26:30","24"
"422","14","9.0","The Great Migration","2020-12-13 01:59:14","24"
"423","14","10.0","Language Barrier","2020-12-13 02:01:35","25"
"424","14","10.0","Chapter 10.0","2018-02-01 08:26:43","22"
"425","14","11.0","The Hyuman Town","2020-12-13 02:08:00","29"
"426","14","11.0","Chapter 11.0","2018-02-01 08:27:32","28"
"427","14","12.0","Noisy Night","2020-12-13 02:09:08","25"
"428","14","12.0","Chapter 12.0","2018-02-01 08:28:06","22"
"429","14","13.0","Chapter 13.0","2018-02-01 08:28:33","22"
"430","14","13.0","The Sisters' Circumstances","2020-12-13 02:10:48","25"
"431","14","14.0","Too Late!","2020-12-13 02:12:45","26"
"432","14","14.0","Chapter 14.0","2018-02-01 08:29:04","26"
"433","14","14.5","Omake","2020-12-13 02:13:33","7"
"434","14","15.0","Journey of the Avaricious Wagon","2021-07-07 20:19:20","30"
"435","14","15.0","Chapter 15.0","2018-02-01 08:29:33","21"
"436","14","16.0","Glorious Dinner","2021-07-07 20:20:38","27"
"437","14","16.0","Chapter 16.0","2018-02-01 08:30:02","24"
"438","14","17.0","Chapter 17.0","2018-02-01 08:30:29","22"
"439","14","17.0","Plan to Remodel the Special Space","2021-07-07 20:21:43","25"
"440","14","18.0","Funky Coat","2021-07-07 20:23:15","25"
"441","14","18.0","Chapter 18.0","2018-02-01 08:30:59","22"
"442","14","19.0","Chapter 19.0","2018-02-01 08:31:29","24"
"443","14","19.0","The Depression of the Attractive Man","2021-07-07 20:24:27","27"
"444","14","20.0","The Merchants Guild Entrance Exam?!","2021-07-07 20:25:55","29"
"445","14","20.0","Chapter 20.0","2018-02-01 08:31:50","26"
"446","14","21.0","Truly Delicious","2021-07-07 20:27:06","25"
"447","14","21.0","Chapter 21.0","2018-02-01 08:32:10","24"
"448","14","21.5","Omake","2021-07-07 20:27:57","9"
"449","14","22.0","Memories of That Summer","2021-07-07 20:30:00","30"
"450","14","22.0","Chapter 22.0","2018-02-01 08:32:35","23"
"451","14","23.0","Chapter 23.0","2018-02-01 08:32:50","23"
"452","14","23.0","Making the Secret Medicine","2021-07-07 20:31:06","25"
"453","14","24.0","Chapter 24.0","2018-02-01 08:33:28","22"
"454","14","24.0","From Now On, I... ","2021-07-07 20:32:13","25"
"455","14","25.0","World Reformation Theater","2021-07-07 20:33:35","29"
"456","14","25.0","Chapter 25.0","2018-02-01 08:34:22","26"
"457","14","26.0","Chapter 26.0","2018-02-01 08:35:12","25"
"458","14","26.0","Top Ranker's Circumstances","2021-07-07 20:34:48","27"
"459","14","27.0","Chapter 27.0","2018-02-01 08:36:08","26"
"460","14","27.0","Two-Face","2021-07-07 20:36:17","29"
"461","14","28.0","Pebbles In the Back Alley","2021-07-07 20:37:22","25"
"462","14","28.0","Chapter 28.0","2018-02-01 08:36:52","24"
"463","14","28.5","Omake","2021-07-07 20:37:53","7"
"464","14","29.0","Otonashi Hibiki's Whim","2018-02-20 02:09:53","25"
"465","14","30.0","Limia's Hero Party forms!","2018-03-23 07:40:36","27"
"466","14","31.0","Black Death","2018-04-17 06:19:33","25"
"467","14","32.0","Magic Eyes","2018-05-29 06:24:14","25"
"468","14","33.0","It Started with Orcs","2018-06-26 02:39:41","23"
"469","14","34.0","Special Dimension Rankings!","2018-07-31 05:45:41","27"
"470","14","35.0","Shadow Tail Hunters","2018-09-08 22:55:37","27"
"471","14","36.0","The Great Nonhuman Banquet","2018-11-29 15:09:12","24"
"472","14","37.0","Deep, Clear, God?","2019-01-13 01:51:12","25"
"473","14","38.0","Eat or Be Eaten","2019-02-13 02:55:38","25"
"474","14","39.0","The Hidden Ogre Village","2019-04-05 16:17:13","27"
"475","14","40.0","Omen of a Storm","2019-05-29 01:27:11","27"
"476","14","41.0","Disheartened Undead","2019-06-19 23:38:50","26"
"477","14","42.0","Goodbye","2019-06-20 16:40:06","24"
"478","14","43.0","Plan to Remodel the Other Dimension Season 2","2019-07-26 03:17:01","23"
"479","14","44.0","\"Daddy\"","2020-04-24 13:47:38","27"
"480","14","44.0","Father","2019-08-21 05:58:22","24"
"481","14","45.0","Something Inhuman","2019-09-16 05:16:10","22"
"482","14","46.0","Shilling☆","2019-10-19 01:33:35","24"
"483","14","47.0","Scheming Princess","2019-11-20 03:24:12","24"
"484","14","48.0","The Whims of a Merchant or a Wavering Sense of Justice?","2019-12-23 01:26:28","26"
"485","14","49.0","Moon-led...","2020-01-08 06:26:05","26"
"486","14","50.0","Determination in the Moonlight","2020-03-25 01:09:39","22"
"487","14","51.0","Goddess Knows...","2020-04-30 00:11:49","26"
"488","14","52.0","Game Over","2020-05-19 20:34:56","24"
"489","14","53.0","The Disappearance of Misumi Makoto","2020-06-16 05:46:14","26"
"490","14","54.0","Errand Boy of the Fickle Goddess","2020-06-25 17:50:23","22"
"491","14","55.0","Rose Sign","2020-07-19 21:52:20","24"
"492","14","56.0","Decisive Battle Of The Greatest Freaks","2020-08-19 00:15:48","26"
"493","14","57.0","Blue Light","2020-10-21 00:15:55","26"
"494","14","57.0","Blue Light","2021-11-26 22:05:44","27"
"495","14","58.0","A Draw, Or A Morning Without A Victor","2020-11-13 23:59:52","22"
"496","14","59.0","Welcome home!","2020-12-14 21:26:06","24"
"497","15","1.0","Chapter 1.0","2018-11-27 09:06:58","16"
"498","15","2.0","Chapter 2.0","2018-11-27 09:27:20","15"
"499","15","3.0","Chapter 3.0","2018-12-09 01:55:33","17"
"500","15","4.0","Chapter 4.0","2018-12-23 02:05:42","18"
"501","15","4.5","Bonus","2019-01-23 07:56:42","3"
"502","15","5.0","Chapter 5.0","2019-01-23 07:57:00","19"
"503","15","6.0","Chapter 6.0","2019-02-10 08:26:53","22"
"504","15","7.0","Chapter 7.0","2019-02-20 01:04:36","15"
"505","15","8.0","Chapter 8.0","2019-03-04 13:52:49","8"
"506","15","9.0","Chapter 9.0","2019-03-31 11:00:05","18"
"507","15","9.5","Volume 1 Extras","2021-03-16 00:47:47","15"
"508","15","9.6","Bonus","2019-04-30 02:40:50","5"
"509","15","10.0","Chapter 10.0","2019-04-30 02:41:06","17"
"510","15","11.0","Chapter 11.0","2019-05-22 01:47:35","17"
"511","15","12.0","Chapter 12.0","2019-06-17 13:11:57","20"
"512","15","13.0","Chapter 13.0","2019-07-03 09:56:22","19"
"513","15","14.0","Chapter 14.0","2019-08-02 03:29:49","17"
"514","15","14.2","Chapter 14.2","2019-08-03 11:38:48","17"
"515","15","14.5","Bonus","2019-08-21 03:15:38","5"
"516","15","15.0","Chapter 15.0","2019-09-04 14:46:16","23"
"517","15","16.0","Chapter 16.0","2019-10-26 08:54:55","20"
"518","15","16.0","Chapter 16.0","2019-09-27 19:44:53","19"
"519","15","16.5","Volume 2 Extras","2021-03-16 14:29:20","18"
"520","15","17.0","Chapter 17.0","2019-10-26 08:55:13","18"
"521","15","17.0","Chapter 17.0","2019-10-25 19:44:52","17"
"522","15","18.0","Chapter 18.0","2019-11-19 11:01:19","19"
"523","15","19.0","Chapter 19.0","2019-12-14 09:35:28","24"
"524","15","19.5","Bonus","2020-01-08 05:38:55","3"
"525","15","20.0","Chapter 20.0","2020-01-12 09:27:38","20"
"526","15","21.0","Chapter 21.0","2020-02-02 08:11:36","24"
"527","15","22.0","Chapter 22.0","2020-02-23 06:32:28","25"
"528","15","23.0","Chapter 23.0","2020-03-14 08:11:59","21"
"529","15","23.5","Volume 3 Extras","2021-03-16 20:45:06","14"
"530","15","24.0","Chapter 24.0","2020-05-09 06:39:32","25"
"531","15","25.0","Chapter 25.0","2020-05-31 06:44:57","23"
"532","15","26.0","Chapter 26.0","2020-06-28 07:01:27","21"
"533","15","27.0","Chapter 27.0","2020-08-01 06:47:02","26"
"534","15","28.0","Chapter 28.0","2020-09-06 19:27:18","36"
"535","15","28.5","Volume 4 Extras","2021-03-17 02:22:08","21"
"536","15","29.0","Chapter 29.0","2020-10-14 05:20:36","26"
"537","15","30.0","Chapter 30.0","2020-11-10 00:45:12","26"
"538","15","31.0","Chapter 31.0","2020-12-23 05:35:57","33"
"539","15","32.0","Chapter 32.0","2021-02-07 22:33:38","29"
"540","15","33.0","Chapter 33.0","2021-03-07 09:33:24","22"
"541","15","33.5","Volume 5 Extras","2021-07-07 17:54:44","22"
"542","15","34.0","Chapter 34.0","2021-07-07 23:09:07","34"
"543","15","35.0","Chapter 35.0","2021-07-07 23:11:10","35"
"544","15","36.0","Chapter 36.0","2021-07-17 05:56:27","35"
"545","15","37.0","Chapter 37.0","2021-08-28 23:59:38","37"
"546","15","37.5","Volume 6 Extras","2021-10-21 19:30:02","21"
"547","15","38.0","Chapter 38.0","2021-11-06 03:02:47","29"
"548","15","38.0","Chapter 38.0","2021-11-05 18:18:50","28"
"549","15","39.0","Chapter 39.0","2021-12-28 04:10:38","35"
"550","15","40.0","Chapter 40.0","2022-02-07 00:50:17","35"
"551","15","41.0","Chapter 41.0","2022-03-07 06:04:11","28"
"552","15","41.5","Volume 7 Extras","2022-03-22 04:41:11","23"
"553","15","42.0","Chapter 42.0","2022-04-17 08:58:14","23"
"554","15","43.0","Chapter 43.0","2022-05-30 04:06:25","36"
"555","15","44.0","Chapter 44.0","2022-07-04 06:42:22","26"
"556","15","45.0","Chapter 45.0","2022-08-15 02:45:28","38"
"557","15","46.0","Chapter 46.0","2022-10-03 06:31:51","31"
"558","15","46.5","Volume 8 Extras","2022-10-20 18:13:47","12"
"559","15","47.0","Chapter 47.0","2022-11-27 14:36:48","34"
"560","15","47.5","Chapter 47.5","2023-01-16 04:36:31","4"
"561","15","48.0","Chapter 48.0","2023-01-16 03:04:14","33"
"562","15","49.0","Chapter 49.0","2023-02-28 02:00:04","26"
"563","15","50.1","Chapter 50.1","2023-04-18 14:52:18","26"
"564","15","50.2","Chapter 50.2","2023-05-02 01:51:43","19"
"565","15","50.5","Volume 9 Extras","2023-05-22 19:01:23","12"
"566","15","51.0","Chapter 51.0","2023-06-14 02:19:04","31"
"567","15","52.0","Chapter 52.0","2023-07-29 04:44:12","33"
"568","15","53.0","Chapter 53.0","2023-09-23 12:24:24","38"
"569","15","54.0","Chapter 54.0","2023-11-21 17:25:57","36"
"570","15","55.0","Chapter 55.0","2023-12-28 18:09:41","26"
"571","15","55.5"," Volume 10 Extras","2024-02-24 04:07:18","15"
"572","15","56.0","Chapter 56.0","2024-03-04 02:37:37","32"
"573","15","57.0","Chapter 57.0","2024-04-28 01:17:22","43"
"574","15","58.0","Chapter 58.0","2024-06-16 05:11:37","37"
"575","15","58.5","Alternative version","2025-01-02 17:01:12","29"
"576","15","59.0","Chapter 59.0","2024-08-26 14:29:53","43"
"577","15","60.0","Chapter 60.0","2024-10-11 15:55:51","23"
"578","15","60.0","Chapter 60.0","2025-04-05 12:34:40","24"
"579","15","60.5","Volume 11 Extras","2024-10-22 19:43:45","16"
"580","15","61.0","Chapter 61.0","2024-11-03 17:39:10","32"
"581","15","62.0","Chapter 62.0","2025-01-28 19:07:53","42"
"582","15","63.0","Chapter 63.0","2025-01-30 17:32:07","38"
"583","15","64.0","Chapter 64.0","2025-03-03 20:33:02","39"
"584","15","64.5","Volume 12 Extras","2025-03-21 18:53:34","17"
"585","15","64.6","Intermission Apparition \"Laundromat\"","2025-03-22 14:35:50","9"
"586","15","65.0","Chapter 65.0","2025-05-19 13:06:19","37"
"587","15","65.5","Intermission Apparation \"Cinema\"","2025-07-11 17:24:32","8"
"588","15","65.6","\"Mieruko-Chan\"-Movie Report Manga","2025-08-05 16:45:14","11"
"589","15","66.0","Chapter 66.0","2025-08-27 07:13:07","44"
"590","15","67.0","Chapter 67.0","2025-11-02 23:22:32","49"
"591","15","67.5","Volume 13 Extras","2025-10-22 17:34:20","13"
"592","15","68.0","Chapter 68.0","2025-12-31 12:35:30","26"
"593","16","0.5","Preparing For The School's Entrance Ceremony","2020-12-10 03:51:18","5"
"594","16","1.0","Welcome To Demon School, Iruma-kun!","2020-07-27 04:01:15","47"
"595","16","1.0","Iruma-kun's Demon School","2018-01-18 15:21:48","45"
"596","16","2.0","Summon Familiar","2018-01-19 04:09:24","32"
"597","16","2.0","Summoning a Familiar","2020-08-09 20:43:05","30"
"598","16","3.0","Iruma and Clara","2020-08-24 12:34:20","22"
"599","16","3.0","Iruma and Clara","2018-01-19 04:11:04","23"
"600","16","4.0","Friends With Demons","2018-01-19 04:11:59","20"
"601","16","4.0","Demon Friends","2020-09-14 09:01:40","20"
"602","16","5.0","The Abnormal Class","2018-01-19 04:13:10","23"
"603","16","5.0","The Misfits","2020-09-21 09:15:00","22"
"604","16","6.0","Flying Race, Start!!","2018-01-19 04:13:46","21"
"605","16","6.0","Flying Race, Start!","2020-10-12 09:14:49","20"
"606","16","7.0","He Who Aspires to be Demon King","2020-11-07 15:03:15","20"
"607","16","7.0","The Person to Become Demon King","2018-01-19 04:14:43","20"
"608","16","7.5","Volume 1 Yonkoma","2018-03-08 22:55:27","11"
"609","16","7.5","EXTRA","2020-10-17 03:44:17","8"
"610","16","8.0","The Ring of Gluttony","2018-02-14 06:15:12","21"
"611","16","9.0","Everyone Has a Magic Lesson","2018-02-14 06:15:20","21"
"612","16","10.0","Amelie's Theory","2018-02-14 06:15:26","20"
"613","16","11.0","First Love Memory","2018-02-14 06:15:31","21"
"614","16","12.0","Iruma's \"Dream\"","2018-02-14 06:15:35","21"
"615","16","13.0","Iruma's Determination","2018-02-14 06:15:42","20"
"616","16","14.0","A Striving Effort","2018-02-14 06:15:48","20"
"617","16","15.0","Fierce Battle With the Cannon Ball Execution!!","2018-02-14 06:15:55","21"
"618","16","16.0","First Step Forward","2018-02-14 06:16:07","25"
"619","16","16.5","EXTRA","2020-06-26 13:22:52","3"
"620","16","16.6","Blu-ray Extra 2","2022-10-14 16:32:14","8"
"621","16","17.0","Clara's Mad Love","2018-02-28 22:19:38","20"
"622","16","17.0","Enchated by Clara","2018-03-03 23:38:14","20"
"623","16","18.0","Challenge from the Divisions","2018-03-10 11:50:15","22"
"624","16","18.0","The Battra Challenge","2018-03-06 02:05:17","21"
"625","16","19.0","Rookie Hunt","2018-03-17 00:15:19","19"
"626","16","20.0","The Demon without Magical Energy","2018-04-02 14:39:50","21"
"627","16","21.0","Magical Tools Research Division","2018-05-03 19:22:14","20"
"628","16","22.0","At one with familiars","2018-07-07 12:56:02","20"
"629","16","22.1","Blu-ray Extra 3","2022-10-24 16:18:59","8"
"630","16","23.0","Thirteen Dinner","2018-09-10 07:43:19","22"
"631","16","24.0","The Batora Debut","2018-09-17 10:20:41","22"
"632","16","25.0","The Ones Who Prepare","2018-09-25 06:56:43","22"
"633","16","25.5","EXTRA","2020-10-17 03:45:05","10"
"634","16","25.6","Blu-Ray Extra 4","2022-11-02 15:43:13","8"
"635","16","26.0","Kirio's Hidden Room","2018-10-02 02:14:46","21"
"636","16","27.0","Two Feathers of The Same Bird","2018-10-09 00:33:50","21"
"637","16","28.0","Beginning of The Festival Eve","2018-10-16 09:50:30","22"
"638","16","29.0","Ambition Stored Away","2018-10-30 08:50:39","21"
"639","16","30.0","Kirio's Maze","2018-11-06 09:11:41","22"
"640","16","31.0","Clara Squad Captain and Asu Commander","2018-11-29 08:26:03","20"
"641","16","32.0","Desires From the Heart","2018-12-05 00:45:39","21"
"642","16","33.0","Expression of Despair","2018-12-24 09:28:10","21"
"643","16","33.0","Desperate Expression","2018-12-22 11:19:05","20"
"644","16","34.0","Releasing Magic","2018-12-27 06:38:05","21"
"645","16","34.0","The outbreak of Magic Power","2018-12-23 06:10:37","19"
"646","16","34.5","EXTRA","2020-10-17 03:47:36","9"
"647","16","35.0","Never give up on anything","2018-12-23 21:29:05","20"
"648","16","36.0","Spending time with family","2018-12-26 17:42:56","23"
"649","16","37.0","Glorious Commendation","2018-12-30 12:43:05","19"
"650","16","38.0","Human Treatment","2019-01-03 19:46:00","23"
"651","16","38.1","Blu-Ray Extra 5","2022-11-07 23:17:20","8"
"652","16","39.0","Sincere Cooking Battle!","2019-01-10 21:26:31","22"
"653","16","40.0","Akudol Kuromu-chan","2019-01-23 19:17:55","19"
"654","16","41.0","Carelessness...","2019-02-17 19:17:00","20"
"655","16","42.0","A Sparkling Impact","2019-03-03 11:54:54","20"
"656","16","43.0","For Someone","2019-03-31 12:55:57","19"
"657","16","43.5","EXTRA","2020-11-29 22:18:30","13"
"658","16","43.6","Blu-Ray Extra 6","2022-11-11 00:01:02","8"
"659","16","44.0","How To Use Magic","2020-12-17 00:16:45","27"
"660","16","44.0","How to use Magic","2019-04-29 20:34:46","22"
"661","16","45.0","Secret of the Ring","2019-05-27 21:23:40","22"
"662","16","45.0","The Mystery of the Ring","2020-12-24 03:07:01","23"
"663","16","46.0","Amelie's Decision","2021-01-08 04:44:30","20"
"664","16","46.0","Amelie’s Decision","2019-06-25 13:58:44","20"
"665","16","47.0","The Cruel Student Council","2019-07-25 17:59:49","20"
"666","16","47.0","The Demonic Student Council","2021-01-16 20:02:50","19"
"667","16","48.0","The Crumbling Heroine","2021-02-07 18:11:13","23"
"668","16","48.0","The collapse of the heroine","2019-08-19 18:03:20","20"
"669","16","49.0","The Devil Maiden","2019-09-15 08:16:55","20"
"670","16","49.0","The Demon Maiden","2022-01-19 17:13:56","20"
"671","16","50.0","The Charismatic Ronove","2022-01-23 22:05:31","21"
"672","16","50.0","The Charming Ronove","2019-09-22 11:44:28","21"
"673","16","51.0","Overflowing Emotions","2022-10-21 17:25:49","20"
"674","16","51.0","Overflowing with feelings","2019-10-04 20:12:57","20"
"675","16","52.0","The President's Vision","2022-10-31 16:16:41","18"
"676","16","52.0","President of the student council​’s scene","2019-10-13 18:32:22","19"
"677","16","52.5","EXTRA","2020-10-17 03:48:46","9"
"678","16","53.0","Renewed Ambition","2019-10-14 19:48:27","23"
"679","16","53.0","New Ambition","2019-10-15 22:18:07","21"
"680","16","53.0","A New Ambition","2022-11-12 18:08:42","22"
"681","16","54.0","The exact opposite of Iruma","2019-10-16 20:51:34","21"
"682","16","54.0","The exact opposite of Iruma","2019-10-16 22:42:54","20"
"683","16","55.0","Royal One","2019-10-17 03:09:17","18"
"684","16","56.0","Abnormal Classmates","2019-10-18 01:12:16","18"
"685","16","57.0","Babirus's Teachers","2019-10-18 04:14:54","21"
"686","16","58.0","Outstanding Demons","2019-10-20 00:29:27","19"
"687","16","59.0","A Miracle of Clowns","2019-10-20 23:14:16","20"
"688","16","60.0","Delkira's Relics","2019-10-24 06:25:23","17"
"689","17","0.0","Prologue","2020-02-11 06:58:57","26"
"690","17","1.0","Chapter 1.0","2020-03-20 03:56:04","37"
"691","17","2.0","Chapter 2.0","2020-05-17 10:22:39","21"
"692","17","3.0","Chapter 3.0","2020-06-24 17:40:12","19"
"693","17","4.0","Chapter 4.0","2020-08-02 23:30:54","26"
"694","17","5.0","Chapter 5.0","2020-09-18 16:21:40","30"
"695","17","5.5","[Extra] Eumiella From Some Time Ago","2020-10-01 19:12:36","9"
"696","17","5.6","Volume & Twitter Extras","2020-12-30 15:40:42","14"
"697","17","6.0","Chapter 6.0","2020-10-14 15:47:51","38"
"698","17","7.0","Chapter 7.0","2020-11-12 15:47:01","25"
"699","17","8.0","Chapter 8.0","2021-01-16 01:14:00","29"
"700","17","9.1","Chapter 9.1","2021-02-14 14:08:04","17"
"701","17","9.2","Chapter 9.2","2021-07-07 17:26:45","13"
"702","17","10.1","Chapter 10.1","2021-07-07 17:32:23","15"
"703","17","10.2","Chapter 10.2","2021-07-07 17:39:27","16"
"704","17","11.1","Chapter 11.1","2021-08-10 11:40:32","15"
"705","17","11.2","Chapter 11.2","2021-09-12 09:31:11","18"
"706","17","11.5","[Extra] A Day In The Life Of Patrick","2021-11-17 09:11:48","14"
"707","17","12.1","Chapter 12.1","2021-11-23 11:27:11","16"
"708","17","12.2","Chapter 12.2","2022-01-10 11:39:56","25"
"709","17","13.1","Chapter 13.1","2022-03-04 01:25:10","15"
"710","17","13.1","Chapter 13.1","2022-03-14 10:38:21","17"
"711","17","13.2","Chapter 13.2","2022-04-27 16:36:29","18"
"712","17","14.1","Chapter 14.1","2022-06-21 21:05:09","16"
"713","17","14.2","Chapter 14.2","2022-06-22 00:27:46","16"
"714","17","15.0","Chapter 15.0","2022-09-10 11:20:12","16"
"715","17","16.0","Chapter 16.0","2026-02-03 22:56:09","23"
"716","17","16.5","A Discussion on Maid Clothing","2023-05-23 11:00:59","18"
"717","17","18.1","Chapter 18.1","2023-07-11 21:23:51","10"
"718","17","20.5","Ryuu's Daily Life","2024-04-09 23:30:40","14"
"719","17","21.2","Chapter 21.2","2024-10-11 18:07:12","18"
"720","17","21.3","Chapter 21.3","2025-10-26 10:01:32","25"
"721","17","22.1","Chapter 22.1","2025-11-09 03:05:58","21"
"722","17","22.2","Chapter 22.2","2025-11-30 04:19:54","22"
"723","17","23.0","Chapter 23.0","2026-02-01 13:03:42","48"
"724","17","24.0","Chapter 24.0","2026-02-11 16:30:35","34"
"725","19","1.0","RYOMEN SUKUNA","2019-07-26 11:57:40","0"
"726","19","2.0","SECRET EXECUTION","2019-07-26 11:57:50","0"
"727","19","3.0","FOR MYSELF","2019-07-26 11:57:58","0"
"728","20","2.6","Blu-Ray Extras: Special Chapter Delusional Kaoruko","2025-10-31 16:00:24","23"
"729","20","124.5","Doing Groceries!","2025-04-09 13:44:01","12"
"730","20","136.5","The Ice Cream Incident","2025-08-06 17:58:09","6"
"731","20","149.5","Kaoruko The Master Painter","2025-09-08 17:37:13","7"
"732","20","156.5","The first Yukata in a year.","2025-12-08 21:38:25","10"
"733","20","168.5","Yell","2026-03-08 17:55:04","10"
"734","21","0.0","Rhythm A","2023-04-30 21:06:15","4"
"735","21","1.0","Chapter 1.0","2022-04-10 13:06:19","4"
"736","21","2.0","Chapter 2.0","2022-05-04 10:22:22","4"
"737","21","3.0","Chapter 3.0","2022-05-05 06:56:00","4"
"738","21","4.0","Chapter 4.0","2022-05-05 06:56:20","4"
"739","21","5.0","Chapter 5.0","2022-05-08 05:51:47","4"
"740","21","6.0","Chapter 6.0","2022-05-15 11:02:43","4"
"741","21","7.0","Chapter 7.0","2022-05-22 05:47:56","4"
"742","21","8.0","The Type of Girl Who Makes a Pass When She's Panicking","2022-05-29 10:05:38","4"
"743","21","9.0","She Doesn't Have Friends, but She Felt Happy All the Same","2022-06-05 09:14:42","4"
"744","21","9.1","Character Bios","2022-10-27 00:01:11","2"
"745","21","10.0","Chapter 10.0","2022-06-19 05:48:54","4"
"746","21","10.1","The Two of Them After Being Caught in the Rain","2022-07-17 07:47:01","1"
"747","21","11.0","Chapter 11.0","2022-06-26 15:28:56","5"
"748","21","12.0","Chapter 12.0","2022-07-03 16:25:55","4"
"749","21","13.0","Girls With an Extreme Gap","2022-07-10 23:10:36","4"
"750","21","14.0","Today Too, the Gyaru Is Involved With the Gloomy Girl","2022-07-24 11:12:41","4"
"751","21","15.0","The Gloomy Girl in My Class Was Super Cool","2022-07-31 13:29:38","4"
"752","21","16.0","The Voice of Her Crush (Actually a Girl) Is Unforgettable","2022-08-07 15:52:13","4"
"753","21","17.0","Caught in The Storm","2022-08-14 12:49:02","4"
"754","21","18.0","The Guy She Was Interested in Wasn't a Guy At All","2022-08-21 11:01:04","4"
"755","21","18.1","The Two of Them Shopping on a Day Off, Five Years From Now (Hopefully)","2022-08-27 07:55:40","1"
"756","21","19.0","A New Semester of Don't Ask, Don't Tell","2022-09-04 10:35:44","4"
"757","21","20.0","When It Comes to His Niece, There’s No Spending Too Much","2022-09-11 10:47:25","4"
"758","21","21.0","Come On, Just Face Her","2022-09-18 10:07:02","4"
"759","21","22.0","The Girl at the CD Store","2022-09-25 10:47:28","4"
"760","21","22.1","Maybe It Would Be Like This if the Two of Them Moved in Together... Do Your Best!","2022-10-02 07:39:47","1"
"761","21","23.0","Stop Right There!","2022-10-09 11:27:39","4"
"762","21","24.0","I'll Keep Chasing You!","2022-10-16 11:04:02","4"
"763","21","25.0","Feels Like a Dream","2022-10-23 11:49:17","4"
"764","21","26.0","The Guy She Liked Was a Girl Friend.","2022-10-30 09:14:22","4"
"765","21","26.1","I Kind of Wanted to Make Some Goods That These Two Might Have...","2022-11-06 09:03:13","1"
"766","21","27.0","I’m the Only One Who Knows Who My Crush (A Girl) Is.","2022-11-13 11:34:47","4"
"767","21","28.0","Someone’s Going to Get Blinded","2022-11-20 12:00:08","4"
"768","21","29.0","She’s the Only One I Refuse to Share.","2022-11-27 11:44:22","4"
"769","21","30.0","If It's These Two","2022-12-04 09:50:59","4"
"770","21","31.0","An Unexpected Encounter With Her Crush (A Girl)","2022-12-18 10:28:32","4"
"771","21","32.0","Telepathy","2022-12-25 17:47:56","4"
"772","21","33.0","Wish, and You Shall Receive","2023-01-08 11:16:50","4"
"773","21","34.0","Most Likely, It’s Not Her Imagination","2023-01-15 11:05:17","4"
"774","21","35.0","Peacemaker","2023-01-22 10:25:32","4"
"775","21","36.0","Trouble Chaser","2023-01-29 11:09:20","4"
"776","21","37.0","The World’s Most Beautiful Sound","2023-02-05 11:46:19","4"
"777","21","37.1","Smoothly (Valentine's day twitter pic - Landscape and portrait orientation)","2023-02-12 09:33:40","2"
"778","21","37.5","Rhythm B","2023-05-24 20:17:50","18"
"779","21","38.0","She Came to the Bedroom of Her Oshi (A Girl)","2023-02-19 10:33:26","4"
"780","21","38.1","2013 > 2023","2023-03-01 06:28:20","1"
"781","21","39.0","It Struck a Chord","2023-03-05 10:46:55","4"
"782","21","40.0","The Spring of Ms Oblivious","2023-04-09 09:12:52","4"
"783","21","41.0","My Niece’s Now a Third Year","2023-04-16 10:26:06","4"
"784","21","42.0","It's About Time She Stopped Trying to Run Away","2023-04-23 10:59:58","4"
"785","21","43.0","Two Worlds","2023-05-07 09:44:53","4"
"786","21","43.1","Moonlight Magazine Spring Edition","2023-05-10 19:56:04","9"
"787","21","44.0","It’s Hard to Keep Up With Lots of Things","2023-05-14 09:05:57","4"
"788","21","45.0","Battle for a Niece","2023-05-21 11:41:27","4"
"789","21","45.1","Shared Bathroom","2023-05-29 06:35:31","1"
"790","21","46.0","Capacity Exceeded","2023-06-04 09:20:07","4"
"791","21","46.1","Moonlight Magazine Summer Edition","2023-06-08 21:06:07","9"
"792","21","47.0","Girls Are Cute After All","2023-06-11 10:48:03","4"
"793","21","48.0","She Wanted to Know but She Didn’t Want to Know","2023-06-18 12:15:06","4"
"794","21","49.0","Our Last Song Together","2023-06-25 09:42:08","4"
"795","21","50.0","Past and Present Intersect","2023-07-03 16:13:39","4"
"796","21","50.1","Moonlight Magazine Autumn Edition","2023-07-06 21:33:15","8"
"797","21","51.0","Gravitational Pull","2023-07-09 08:28:36","4"
"798","21","52.0","My Hero","2023-07-16 08:34:31","4"
"799","21","53.0","What Happens When an Introvert Sits Next to a Gyaru","2023-07-30 11:48:11","5"
"800","21","54.0","The Gyaru's Stratagem","2023-08-06 10:01:29","4"
"801","21","55.0","Hmmm, a Friend...?","2023-08-13 11:03:15","4"
"802","21","56.0","An Introvert and a Gyaru’s Girls’ Night.","2023-08-27 09:53:20","4"
"803","21","57.0","It's Suffocating","2023-09-10 10:47:08","4"
"804","21","58.0","Chameleon","2023-09-17 10:56:58","4"
"805","21","59.0","This Is Love","2023-09-24 10:33:09","4"
"806","21","60.0","Special","2023-10-01 09:37:35","4"
"807","21","61.0","His Precious Niece Hasn’t Come Home","2023-10-08 11:20:26","4"
"808","21","61.1","Moonlight Magazine Winter Edition","2023-10-08 17:16:09","10"
"809","21","62.0","It’s Not a Boyfriend!!!","2023-10-15 11:12:09","4"
"810","21","63.0","A Girl With 120 Points in Persuasion","2023-10-22 11:58:00","4"
"811","21","64.0","Koga-san's Motivation Switch","2023-10-29 10:44:11","4"
"812","21","65.0","These Are the Songs I Want to Listen To","2023-11-05 12:33:31","4"
"813","21","66.0","Uncle, Niece and Music","2023-11-19 10:13:10","4"
"814","21","67.0","Distance","2023-11-26 10:39:54","4"
"815","21","68.0","We, on the Waiting Side","2023-12-03 11:06:54","4"
"816","21","69.0","A Message to That Girl","2023-12-10 10:53:04","4"
"817","21","70.0","My Star","2023-12-17 10:25:04","4"
"818","21","71.0","My Rock","2023-12-24 13:16:15","4"
"819","21","72.0","What Connected Us Was Music","2023-12-31 11:28:02","4"
"820","21","73.0","Both In Sickness...","2024-02-04 11:52:10","4"
"821","21","74.0","There’s Nothing to Be Afraid Of","2024-02-11 12:50:00","4"
"822","21","75.0","Koga-san and “Onii-san”","2024-02-18 11:36:09","4"
"823","21","76.0","Me and “Him”","2024-02-25 10:41:54","4"
"824","21","77.0","I'm Just Being Half-Assed Though","2024-03-10 10:58:28","4"
"825","21","78.0","You're Too Obvious","2024-03-17 10:56:50","4"
"826","21","79.0","My Crush Is a Loyal Dog","2024-03-24 10:12:00","4"
"827","21","80.0","A Place Where Worlds Connect","2024-03-31 13:39:03","4"
"828","21","81.0","Homework For Music Lovers","2024-04-07 10:54:28","4"
"829","21","82.0","My Oasis","2024-04-14 11:02:50","4"
"830","22","1.0","Romance Dawn","2025-10-22 01:09:56","0"
"831","22","2.0","They Call Him ‘Straw Hat Luffy’","2025-10-22 01:09:59","0"
"832","22","3.0","Enter Zolo: Pirate Hunter","2025-10-22 01:10:01","0"
"833","22","1178.0","Waking From a Nightmare","2026-03-29 15:05:33","0"
"834","22","1179.0","Nerona Imu Descends","2026-04-05 15:05:32","0"
"835","22","1180.0","Omen","2026-04-20 01:00:37","0"
"836","24","1.0","Chapter 1.0","2019-07-25 23:49:08","0"
"837","24","2.0","Chapter 2.0","2019-07-25 23:49:12","0"
"838","24","3.0","Chapter 3.0","2019-07-25 23:49:18","0"
"839","24","130.0","Chapter 130.0","2026-03-15 15:05:33","0"
"840","24","131.0","Chapter 131.0","2026-03-29 15:06:31","0"
"841","24","132.0","Chapter 132.0","2026-04-12 15:05:33","0"
"842","25","1.0","First Love is a Nasty Illness That Afflicts Us All","2018-05-15 14:24:35","52"
"843","25","1.0","First Love is a Nasty Disease that Everybody Suffers","2023-08-26 18:50:30","0"
"844","25","2.0","First Love with a Communication Disorder Is like Mouldy Bread","2018-05-25 15:35:05","25"
"845","25","3.0","First Love with a Communication Disorder is like Mouldy Bread 2","2018-06-26 15:02:41","22"
"846","25","4.0","First Love with a Communication Disorder is like Mouldy Bread 3","2018-07-13 15:07:54","40"
"847","25","5.0","The Quiet Ones are Devastatingly Terrifying when Angry","2018-09-10 13:53:40","33"
"848","25","5.0","It's Terrifying When a Normally Quiet Child Gets Angry ①","2023-08-31 19:07:50","0"
"849","25","6.0","The Quiet Ones are Devastatingly Terrifying when Angry 2","2018-10-09 12:13:33","29"
"850","25","7.0","The Quiet Ones are Devastatingly Terrifying when Angry 3","2018-11-15 10:51:40","34"
"851","25","8.0","The Quiet Ones are Devastatingly Terrifying when Angry 4","2018-12-22 14:52:13","27"
"852","25","9.0","A Broken Heart is Also Fairly Physically Painful 1","2019-01-29 11:29:48","30"
"853","25","10.0","Unrequited Love is Something That Can Even Physically Hurt ②","2023-08-31 19:07:51","0"
"854","25","10.0","A Broken Heart is Also Fairly Physically Painful 2","2019-03-19 16:57:47","39"
"855","25","11.0","A Broken Heart is Also Fairly Physically Painful 3","2019-04-17 14:11:14","37"
"856","25","12.0","Becoming a Demon Lord Seems to Require Arrogant Behaviour 1","2019-05-22 05:17:12","36"
"857","25","13.0","Becoming a Demon Lord Seems to Require Arrogant Behaviour 2","2019-06-22 11:48:27","25"
"858","25","14.0","Not Even a Demon Lord Would Raise a Hand Against a Child 1","2019-07-13 11:52:55","19"
"859","25","14.5","Chapter 14.5","2019-08-10 14:14:40","2"
"860","25","15.0","Even an Archdemon Shouldn't Beat a Child ②","2023-08-31 19:07:52","0"
"861","25","15.0","Not Even a Demon Lord Would Raise a Hand Against a Child 2","2019-09-07 00:46:32","23"
"862","25","16.0","Picking Up and Holding a Dragon Will Make Her Your Daughter (1)","2019-10-17 04:54:44","31"
"863","25","17.0","Picking Up and Holding a Dragon Will Make Her Your Daughter (2)","2019-11-17 13:58:26","37"
"864","25","18.0","I Don't Want to Get Involved With a Holy Knight's Circumstances (1)","2019-12-18 14:50:41","29"
"865","25","18.5","Drama CD Introduction Manga","2020-01-24 05:54:28","3"
"866","25","19.0","I Don't Want to Get Involved With a Holy Knight's Circumstances (2)","2020-01-10 11:48:05","33"
"867","25","20.0","I Don't Want to Get Involved With a Holy Knight's Circumstances (3)","2020-02-20 22:43:53","29"
"868","25","21.0","Even So, Defeating Evil is a Holy Knight's Duty (1)","2020-03-28 23:11:50","45"
"869","25","21.0","Beating Down an Evil Monster is the Job of an Angelic Knight ①","2023-08-31 19:07:53","0"
"870","25","22.0","Even So, Defeating Evil is a Holy Knight's Duty (2)","2020-05-01 01:44:08","39"
"871","25","23.0","Even So, Defeating Evil is a Holy Knight's Duty (3)","2020-06-05 02:56:38","43"
"872","25","24.0","Even So, Defeating Evil is a Holy Knight's Duty (4)","2020-07-04 13:15:24","23"
"873","25","25.0","I'll Get Angry Even if the One Who Raised Their Hand Against my Bride is a Beautiful Girl (1)","2020-07-29 12:41:18","18"
"874","25","26.0","I'll Get Angry Even if the One Who Raised Their Hand Against My Bride is a Beautiful Girl (2)","2020-09-14 10:11:19","40"
"875","25","26.0","I'll Get Angry Even if the One Who Raised Their Hand Against My Bride is a Beautiful Girl ②","2023-08-31 19:07:54","0"
"876","25","27.0","A Ship's Bridge Lightens the Mood (1)","2020-10-24 05:04:38","35"
"877","25","28.0","A Ship's Bridge Lightens the Mood (2)","2020-11-15 11:26:07","32"
"878","25","29.0","It's Natural for Demon Lords to Have Horrible Personalities (1)","2020-12-17 13:06:37","39"
"879","25","30.0","It's Natural for Demon Lords to Have Horrible Personalities (2)","2021-01-19 03:30:22","40"
"880","25","31.0","Naturally, Any Archdemon Will Have a Horrendous Personality ③","2023-08-31 19:07:56","0"
"881","25","31.0","It's Natural for Demon Lords to Have Horrible Personalities (3)","2021-03-06 09:13:37","33"
"882","25","32.0","It's Natural for Demon Lords to Have Horrible Personalities (4)","2021-07-16 22:58:59","33"
"883","25","33.0","Dancing Starlight (1)","2021-07-16 23:02:32","38"
"884","25","34.0","Dancing Starlight (2)","2021-07-16 23:05:41","27"
"885","25","35.0","Dancing Starlight (3)","2021-07-19 23:11:26","47"
"886","25","36.0","Chapter 36.0","2021-09-29 08:40:13","33"
"887","25","36.0","Our Family Has Grown, so It's Time to Visit My Bride's Home ①","2023-08-31 19:07:58","0"
"888","25","37.0","Chapter 37.0","2021-09-29 08:41:45","20"
"889","25","38.0","Chapter 38.0","2021-11-16 13:48:03","25"
"890","25","39.0","Chapter 39.0","2022-01-01 13:47:51","36"
"891","25","40.0","Chapter 40.0","2022-02-04 15:57:48","25"
"892","25","41.0","Chapter 41.0","2022-03-04 13:21:03","33"
"893","25","42.0","Chapter 42.0","2022-04-27 20:41:55","31"
"894","25","42.0","An Archdemon's Dilemma: How to Love Your Child Elf Bride ①","2023-08-31 19:07:59","0"
"895","25","43.0","Chapter 43.0","2022-06-08 09:29:52","32"
"896","25","44.0","Chapter 44.0","2022-07-02 08:55:05","34"
"897","25","45.0","Chapter 45.0","2022-07-27 12:47:54","21"
"898","25","46.0","Chapter 46.0","2022-09-24 13:20:56","24"
"899","25","47.0","An Archdemon's Dilemma: How to Love Your Child Elf Bride ⑥","2023-08-31 19:08:00","0"
"900","25","47.0","Chapter 47.0","2022-10-22 12:47:28","22"
"901","25","48.0","Chapter 48.0","2022-12-12 11:24:23","26"
"902","25","49.0","Chapter 49.0","2022-12-30 13:25:56","41"
"903","25","50.0","Chapter 50.0","2023-01-23 12:07:17","28"
"904","25","51.0","Chapter 51.0","2023-03-23 13:27:19","33"
"905","25","52.0","It Appears Two People in Love Go on Dates, but What Do You Do on Them?","2024-04-27 21:12:55","0"
"906","25","52.0","Chapter 52.0","2023-05-21 13:27:26","31"
"907","25","53.0","Chapter 53.0","2023-07-22 14:09:21","28"
"908","25","54.0","Chapter 54.0","2023-08-14 11:42:44","37"
"909","25","55.0","Chapter 55.0","2023-09-03 01:43:01","29"
"910","25","56.0","Chapter 56.0","2023-10-01 13:12:52","22"
"911","25","57.0","Chapter 57.0","2023-11-05 00:26:38","29"
"912","25","58.0","When It Comes to a Date, Practice Makes Perfect 5","2025-05-06 17:14:42","0"
"913","25","58.0","Chapter 58.0","2023-12-27 15:14:45","26"
"914","25","59.0","Chapter 59.0","2024-02-06 01:11:40","46"
"915","25","60.0","Chapter 60.0","2024-02-29 12:07:54","37"
"916","25","61.0","Chapter 61.0","2024-03-29 01:56:21","32"
"917","25","62.0","Chapter 62.0","2024-05-23 13:42:34","30"
"918","25","63.0","Chapter 63.0","2024-07-10 15:29:31","32"
"919","25","64.0","Chapter 64.0","2024-09-12 13:51:39","27"
"920","25","65.0","Chapter 65.0","2024-10-27 12:42:50","23"
"921","25","66.0","Chapter 66.0","2024-12-26 13:13:50","50"
"922","25","67.0","Chapter 67.0","2025-03-04 12:55:07","26"
"923","25","68.0","Chapter 68.0","2025-03-19 05:23:09","17"
"924","25","69.0","Chapter 69.0","2025-04-15 22:35:40","28"
"925","25","70.0","Chapter 70.0","2025-06-12 13:42:09","27"
"926","25","71.0","Chapter 71.0","2025-07-19 12:50:44","33"
"927","25","72.0","Chapter 72.0","2025-09-16 10:06:54","33"
"928","25","73.0","Chapter 73.0","2025-11-15 11:15:43","36"
"929","25","74.0","Chapter 74.0","2025-12-11 14:24:59","27"
"930","25","75.0","Chapter 75.0","2026-01-27 14:21:31","23"
"931","25","76.0","Chapter 76.0","2026-04-01 05:37:45","39"
"932","25","77.0","Chapter 77.0","2026-04-20 09:53:32","30"
"933","26","1.0","Chapter 1.0","2025-04-03 13:56:48","43"
"934","26","1.0","Chapter 1.0","2025-04-20 04:06:23","48"
"935","26","1.0","Chapter 1.0","2025-06-02 15:23:29","43"
"936","26","2.0","Chapter 2.0","2025-04-26 18:16:34","41"
"937","26","2.0","Chapter 2.0","2025-06-04 03:08:10","41"
"938","26","3.0","Chapter 3.0","2025-05-23 22:43:30","40"
"939","26","4.0","Chapter 4.0","2025-07-09 12:55:03","31"
"940","26","5.0","Chapter 5.0","2025-07-27 21:23:51","25"
"941","26","5.0","Chapter 5.0","2025-07-26 23:27:31","25"
"942","26","6.0","Chapter 6.0","2025-08-28 01:29:20","36"
"943","26","6.0","Chapter 6.0","2025-10-29 17:33:38","33"
"944","26","7.0","Chapter 7.0","2025-10-29 17:34:23","33"
"945","26","7.0","Chapter 7.0","2025-10-28 07:25:13","34"
"946","26","8.0","Chapter 8.0","2025-11-27 03:45:43","35"
"947","26","8.0","Chapter 8.0","2025-11-28 04:40:55","36"
"948","26","9.0","Chapter 9.0","2025-12-26 01:23:29","33"
"949","26","9.0","Chapter 9.0","2025-12-26 08:43:09","32"
"950","26","10.0","Chapter 10.0","2026-01-22 21:45:56","26"
"951","26","10.0","Chapter 10.0","2026-01-25 08:23:21","26"
"952","26","11.0","Chapter 11.0","2026-02-25 15:01:09","29"
"953","26","11.0","Chapter 11.0","2026-02-25 11:09:17","30"
"954","26","12.0","Chapter 12.0","2026-03-24 22:01:07","33"
"955","26","12.0","Chapter 12.0","2026-03-25 22:34:40","33"
"956","27","1.0","I've Been Taken","2019-02-12 11:14:32","19"
"957","27","2.0","I Became Furious","2019-02-12 11:16:57","10"
"958","27","3.0","I Set It Up","2019-02-12 11:24:57","14"
"959","27","4.0","I Delivered It","2019-02-23 11:53:03","10"
"960","27","4.1","Twitter Extra","2019-02-23 11:54:09","3"
"961","27","4.2","Twitter Extra - Champion Cross update schedule 📅","2025-06-14 11:56:16","2"
"962","27","5.0","I Encountered Her","2019-03-04 11:39:58","13"
"963","27","6.0","I Don't Like It","2019-03-24 19:00:04","14"
"964","27","6.1","Twitter Extra","2019-03-24 19:02:05","7"
"965","27","7.0","I Mixed It Around","2019-04-12 10:33:54","11"
"966","27","7.1","Twitter Extra - Update Schedule 📅","2025-07-06 18:19:57","2"
"967","27","8.0","I Started Boiling","2019-04-27 13:59:19","13"
"968","27","9.0","I Hid Her","2019-05-22 14:43:14","11"
"969","27","9.1","Twitter Extra - Next Manga Award 2018 Nomination 🗯️","2025-07-28 23:53:00","2"
"970","27","10.0","I Died","2019-06-08 23:39:14","10"
"971","27","10.1","Extra Chapter - Reality","2019-06-08 23:40:04","6"
"972","27","11.0","I Broke Through","2019-06-08 23:40:33","13"
"973","27","12.0","I Can't Sleep","2019-07-02 12:07:50","12"
"974","27","13.0","I Made Progress","2019-07-24 22:56:48","13"
"975","27","13.1","Twitter Extra","2019-07-24 23:06:28","1"
"976","27","14.0","I Can't Do Anything","2019-07-27 00:26:11","17"
"977","27","15.0","I want to hug her","2019-08-05 12:37:54","16"
"978","27","15.1","Omake","2019-08-07 21:25:09","7"
"979","27","15.2","Volume Extras","2020-07-27 21:46:31","3"
"980","27","16.0","I've got Heart Disease v0","2019-08-17 20:24:56","12"
"981","27","16.1","Twitter Extra","2019-08-26 22:19:53","11"
"982","27","17.0","I Gave It Up","2019-09-11 00:52:46","14"
"983","27","17.1","Extra Chapter 1 - Breakfast","2019-10-20 21:45:08","3"
"984","27","17.2","Extra Chapter 2 - Not Sure What to Call You","2019-09-21 11:34:21","4"
"985","27","17.3","Extra Chapter 3 - Blood Type Quiz","2019-09-21 11:36:36","7"
"986","27","17.4","Extra Chapter 4 - Ichikawa, Who Does Not Understand The Intent Of The Quiz","2019-09-21 11:38:00","5"
"987","27","17.5","Extra Chapter 5 - About Yan Yan Sticky Stick","2019-09-21 11:35:33","3"
"988","27","18.0","I Wholeheartedly Participated","2019-10-07 11:53:51","14"
"989","27","19.0","I Bumped Into Her Again","2019-10-20 21:45:35","15"
"990","27","19.1","Extra Chapter 6 - About Halloween","2019-08-26 22:21:16","5"
"991","27","19.2","Extra Chapter 7 - Favorite Hairstyle","2019-11-04 10:20:48","4"
"992","27","19.3","Extra Chapter 8 - Christmas","2019-11-04 10:25:52","7"
"993","27","19.4","Extra Edition 1","2019-11-04 10:27:43","9"
"994","27","19.5","Extra Edition 2","2019-11-04 10:31:28","5"
"995","27","20.0","I Defended Her","2019-11-14 01:29:30","13"
"996","27","20.1","Extra Chapter 9 - About Disposable Warmers","2019-11-26 22:23:26","3"
"997","27","21.0","I Kept Quiet","2019-11-26 22:23:50","10"
"998","27","21.1","Chocolate and Mint","2019-12-03 23:55:09","5"
"999","27","21.2","Extra Chapter 10 - Setsubun","2019-12-03 23:56:03","5"
"1000","27","22.0","I Got Soaked","2019-12-10 00:29:32","13"
"1001","27","22.1","Extra Chapter","2021-07-08 09:05:14","4"
"1002","27","22.2","Extra Chapter 12 - Cats","2019-12-27 15:51:05","3"
"1003","27","23.0","I Heard Love Talk","2020-01-06 23:33:28","13"
"1004","27","23.1","Extra Chapter 13 - The Things You Like Game","2020-01-13 11:28:30","4"
"1005","27","24.0","I Wasn't Picked","2020-01-23 23:58:20","14"
"1006","27","24.1","Extra Chapter 14 - Ichikawa Is Unusually Tough","2020-01-31 15:40:41","4"
"1007","27","24.2","Extra Chapter 15 - If You Got on \"The King Won't Eat\", What menu...","2020-01-31 15:41:00","7"
"1008","27","25.0","I Pretended to be Calm","2020-02-06 16:24:38","13"
"1009","27","25.1","Extra Chapter 16 - A Man is Dyed Black","2020-02-12 08:46:18","5"
"1010","27","25.2","Extra Chapter 17 - Yamada Looks Like an Elementary Schooler","2020-02-12 08:46:37","7"
"1011","27","26.0","I Was Blocked","2020-02-20 17:21:17","10"
"1012","27","26.1","Extra Chapter 18 - Ice Cream","2020-02-29 12:29:10","3"
"1013","27","26.2","Extra Chapter 19 - A Story of Moving Between Classes","2020-02-29 12:29:27","5"
"1014","27","26.3","Twitter Extra - ymd","2025-08-10 17:02:16","2"
"1015","27","27.0","We Got Separated","2020-03-05 08:41:57","11"
"1016","27","27.1","Extra Chapter 20 - A Story of Doing Push Sumo","2020-03-16 20:00:30","5"
"1017","27","28.0","I Find School Fun","2020-03-19 20:06:11","12"
"1018","27","28.1","Extra Chapter 21 - I'm Gonna Say it Today!!","2020-03-22 15:07:27","9"
"1019","27","29.0","My Border for \"Like\"","2020-03-24 21:32:44","11"
"1020","27","29.1","Extra Chapter 22 - Style That Catches You Through an Opening","2020-03-24 10:20:46","4"
"1021","27","29.2","Extra Chapter 23 - Slight Fever","2020-03-24 15:34:36","6"
"1022","27","30.0","I Melted","2020-03-26 21:53:28","18"
"1023","27","30.1","Extra Chapter 24 - If The World Ended Tomorrow","2020-03-29 15:24:15","11"
"1024","27","30.2","Extra Chapter 25 - I Won't Talk to You Today","2020-03-29 15:31:30","4"
"1025","27","30.3","Extra Chapter 26 - You Can't Speak Honestly When we Look at Each Other","2020-03-29 16:06:24","4"
"1026","27","30.4","A Soaked-in Feeling","2020-03-29 16:34:56","8"
"1027","27","30.5","Volume Extras","2020-07-27 21:47:28","3"
"1028","27","31.0","I'm Using LINE","2020-04-07 12:55:01","15"
"1029","27","31.1","Extra Chapter 27 - Dark Ability","2020-04-07 15:27:57","12"
"1030","27","31.2","V3 Extra","2020-06-24 21:29:17","2"
"1031","27","32.0","I Can't Keep Distance","2020-04-11 11:59:41","12"
"1032","27","32.1","Extra Chapter 28 - Yep, For Sure, I Won't Get Any Sleep Tonight Either","2020-04-11 12:00:20","7"
"1033","27","33.0","I've Switched It","2020-04-14 17:33:54","19"
"1034","27","33.1","Extra Chapter 29 - A Story of Getting Your Height Measured","2020-04-15 22:23:59","11"
"1035","27","33.2","V3 Extra","2020-06-24 21:28:51","2"
"1036","27","34.0","I Watched It","2020-04-20 12:34:36","10"
"1037","27","34.1","Extra Chapter 30 - Thunder","2020-04-22 08:09:28","5"
"1038","27","34.2","Extra Chapter 31 - Life and Death","2020-04-22 08:10:20","3"
"1039","27","34.3","V3 Extra","2020-06-24 21:35:26","2"
"1040","27","35.0","I'm Teaching How to Study","2020-04-28 09:32:35","10"
"1041","27","35.1","Extra Chapter","2020-04-29 12:12:45","4"
"1042","27","35.2","Extra Chapter 32 - Played Zombies","2020-04-30 16:12:46","6"
"1043","27","36.0","I Don't Resemble my Mother","2020-05-03 17:51:56","12"
"1044","27","36.1","Branch-off Edition","2020-05-04 15:24:08","6"
"1045","27","36.2","Extra Chapter 33 - On The Way Back Home In Winter, We Shared a First","2020-05-05 23:12:39","7"
"1046","27","36.3","Extra Chapter 34 - Thought Of A New Signature","2020-05-06 18:47:03","8"
"1047","27","37.0","I Attempted Contact","2020-05-08 11:06:04","13"
"1048","27","38.0","I Really Got Soaked","2020-05-09 15:12:19","10"
"1049","27","38.1","Extra Chapter","2020-05-12 14:39:53","4"
"1050","28","1.0","(Page 1)","2018-01-24 08:58:55","41"
"1051","28","2.0","(Page 2)","2018-01-24 08:59:19","28"
"1052","28","3.0","(Page 3)","2018-01-24 08:59:38","26"
"1053","28","4.0","(Page 4)","2018-01-24 09:03:11","29"
"1054","28","5.0","(Page 5)","2018-01-24 09:27:26","26"
"1055","28","6.0","(Page 6)","2018-01-24 09:03:58","33"
"1056","28","7.0","Student Council","2018-01-24 09:05:49","31"
"1057","28","8.0","Stress and De-stress ","2018-01-24 09:07:15","29"
"1058","28","9.0","Happy March Birthday","2018-01-24 09:06:57","25"
"1059","28","10.0","Young Izumi","2018-01-24 09:09:04","28"
"1060","28","11.0","A Sudden Shower ","2018-01-24 09:09:38","32"
"1061","28","12.0","So Stubborn","2018-01-24 09:10:18","20"
"1062","28","13.0","I Like","2018-01-25 23:51:18","17"
"1063","28","14.0","That's Okay ","2018-01-25 23:51:58","34"
"1064","28","15.0","Food I like ","2018-01-25 23:52:16","29"
"1065","28","16.0","Green,White & Red ","2018-01-25 23:54:22","29"
"1066","28","17.0","Rebellion ","2018-01-25 23:55:17","25"
"1067","28","18.0","The Faraway Spring","2021-10-31 19:39:15","23"
"1068","28","18.0","Green,White & Red ","2018-01-25 23:52:34","22"
"1069","28","19.0","That Fateful Summer Day ","2018-01-24 09:17:09","12"
"1070","28","19.0","That Fateful Summer Day","2021-11-02 17:15:21","13"
"1071","28","20.0","Summer Cold","2018-01-24 09:17:38","32"
"1072","28","20.0","Summer Cold","2021-11-20 22:32:34","33"
"1073","28","21.0","SOS","2018-01-24 09:20:51","34"
"1074","28","22.0","Retreat","2018-01-24 09:21:25","33"
"1075","28","23.0","Grey Man","2018-01-24 09:26:55","30"
"1076","28","24.0"," Transparent","2018-01-24 09:28:21","29"
"1077","28","25.0","Can't Say","2018-01-24 09:29:25","29"
"1078","28","26.0","Midsummer's Day ","2018-01-24 09:32:01","29"
"1079","28","27.0","Flavour","2018-01-24 09:32:17","28"
"1080","28","28.0","Full","2018-01-24 09:32:39","27"
"1081","28","29.0","Mole under the eye","2018-01-24 09:32:58","25"
"1082","28","30.0","Younger sister","2018-01-24 09:33:18","29"
"1083","28","123.1","Prologue","2023-07-18 01:18:54","10"
"1084","28","123.1","Prologue","2023-08-14 21:57:06","5"
"1085","28","123.1","Prologue","2023-07-17 21:42:36","7"
"1086","28","124.0","Chapter 124.0","2023-07-30 02:29:55","25"
"1087","28","125.0","Chapter 125.0","2023-09-01 15:37:23","15"
"1088","28","126.0","Chapter 126.0","2023-11-11 19:22:58","15"
"1089","28","127.0","Chapter 127.0","2024-04-22 18:43:45","13"
"1090","29","255.0","Asmodeus (Part 3)","2025-03-30 23:58:20","56"
"1091","29","256.0","Asmodeus (Part 4)","2025-04-06 22:10:45","49"
"1092","29","259.0","Asmodeus (Part 7)","2025-04-23 00:19:25","44"
"1093","29","262.0","Sky-Breaking Sword Saint (3)","2025-05-14 02:09:05","21"
"1094","30","1.0","Chapter 1.0","2023-06-22 16:31:49","49"
"1095","30","2.0","Chapter 2.0","2023-07-03 20:48:24","38"
"1096","30","3.0","Chapter 3.0","2023-07-22 13:52:46","39"
"1097","30","4.0","Chapter 4.0","2023-08-07 13:51:47","36"
"1098","30","5.0","Chapter 5.0","2023-09-24 21:01:16","39"
"1099","30","6.0","Chapter 6.0","2024-01-12 20:12:10","34"
"1100","30","7.0","Chapter 7.0","2024-01-25 09:59:55","29"
"1101","30","8.0","Chapter 8.0","2024-02-04 07:12:45","31"
"1102","30","9.0","Chapter 9.0","2024-02-22 05:05:11","33"
"1103","30","10.0","Chapter 10.0","2024-03-10 21:41:10","40"
"1104","30","11.0","Chapter 11.0","2024-03-13 00:46:04","31"
"1105","30","12.1","Chapter 12.1","2024-03-13 00:57:27","22"
"1106","30","12.2","Chapter 12.2","2024-03-23 17:37:03","12"
"1107","30","13.1","Chapter 13.1","2024-04-22 00:46:35","15"
"1108","30","13.2","Chapter 13.2","2024-04-28 17:53:04","15"
"1109","30","14.0","Chapter 14.0","2024-06-14 11:10:05","31"
"1110","30","15.1","Chapter 15.1","2024-08-22 23:34:23","18"
"1111","30","15.2","Chapter 15.2","2024-10-18 07:17:00","15"
"1112","30","16.0","Chapter 16.0","2024-10-28 23:01:25","33"
"1113","30","17.0","Chapter 17.0","2024-11-02 09:46:01","33"
"1114","30","18.0","Chapter 18.0","2024-11-02 10:26:01","32"
"1115","30","19.0","Chapter 19.0","2024-11-02 11:47:00","33"
"1116","30","20.0","Chapter 20.0","2024-12-11 14:34:18","33"
"1117","30","21.0","Chapter 21.0","2025-01-11 05:02:04","36"
"1118","30","22.0","Chapter 22.0","2025-01-31 14:37:23","32"
"1119","30","23.0","Chapter 23.0","2025-02-25 14:37:09","31"
"1120","30","24.0","Chapter 24.0","2025-03-24 18:49:18","36"
"1121","30","25.0","Chapter 25.0","2025-04-28 16:08:52","27"
"1122","30","26.0","Chapter 26.0","2025-05-24 12:16:52","27"
"1123","30","27.0","Chapter 27.0","2025-07-03 07:49:01","27"
"1124","30","28.0","Chapter 28.0","2025-07-27 01:02:39","26"
"1125","30","29.0","Chapter 29.0","2025-09-17 15:10:32","28"
"1126","30","30.0","Chapter 30.0","2025-10-16 19:39:15","31"
"1127","30","31.0","Chapter 31.0","2025-11-04 09:07:17","32"
"1128","30","32.0","Chapter 32.0","2025-12-01 23:23:23","33"
"1129","30","33.0","Chapter 33.0","2026-01-30 11:00:19","33"
"1130","30","34.0","Chapter 34.0","2026-04-07 05:08:22","31"
"1131","31","0.0","Prologue","2018-01-31 06:55:39","7"
"1132","31","1.1","Summoned to Another World (Part 1)","2018-01-31 06:57:49","9"
"1133","31","1.2","Summoned to Another World (Part 2)","2018-01-31 07:04:03","10"
"1134","31","2.0","Destiny","2018-01-31 07:17:36","18"
"1135","31","3.0","The Labyrinth of Orcus","2018-01-31 07:21:04","20"
"1136","31","4.0","The Pit of Hell","2018-01-31 07:25:27","24"
"1137","31","5.0","Despair","2018-01-31 07:29:15","23"
"1138","31","6.0","New Powers","2018-01-31 07:31:58","20"
"1139","31","7.0","The Meeting","2018-01-31 07:34:56","22"
"1140","31","8.0","Yue","2018-01-31 07:37:46","19"
"1141","31","9.0","The Azure Sky","2018-01-29 21:27:34","21"
"1142","31","10.0","Yue's Meal","2018-01-29 21:30:41","20"
"1143","31","11.0","Flower Garden","2018-01-29 21:33:33","22"
"1144","31","12.0","Level 100","2018-01-29 21:36:33","21"
"1145","31","13.0","Loss","2018-01-29 21:39:04","21"
"1146","31","14.0","Conclusion","2018-01-29 21:43:05","20"
"1147","31","14.5","Oscar Orcus","2018-02-06 19:19:09","11"
"1148","31","15.0","Shia Haulia","2018-01-29 21:51:14","26"
"1149","31","16.0","Haulia's Family","2018-01-29 21:54:24","27"
"1150","31","17.0","The Demihumans of Faea Balgaen","2018-01-29 22:03:58","25"
"1151","31","18.0","Ten days","2018-02-08 04:16:51","26"
"1152","31","19.0","Departure","2018-03-14 16:23:45","24"
"1153","31","20.0","Raisen Grand Labyrinth","2018-04-27 15:08:27","26"
"1154","31","21.0","An exciting dungeon?","2018-06-11 15:18:28","24"
"1155","31","22.0","Miledi Raisen","2018-06-28 15:19:30","24"
"1156","31","23.0","Decisive Battle","2018-07-11 16:43:19","24"
"1157","31","24.0","Critical Moment","2018-09-16 16:08:33","23"
"1158","31","25.0","Location of the Labyrinth","2018-09-18 17:10:40","25"
"1159","31","26.0","At the Inn","2018-10-10 17:22:56","26"
"1160","31","27.0","Caravan","2018-11-12 06:37:37","25"
"1161","31","28.0","Request","2019-02-04 10:06:18","26"
"1162","31","28.0","Request","2019-02-04 09:27:59","27"
"1163","31","29.0","Reunion","2019-02-04 09:30:26","28"
"1164","31","30.0","Encounter","2019-03-03 04:47:34","25"
"1165","31","31.0","Clash","2019-04-10 16:38:49","23"
"1166","31","32.0","Tio Klarus","2019-05-09 15:58:11","25"
"1167","31","33.0","New Equipment","2019-07-07 06:01:00","25"
"1168","31","34.0","Goddess Sword","2019-09-15 11:53:19","25"
"1169","31","35.0","Precognition","2019-10-15 17:24:09","26"
"1170","31","36.0","Demons","2019-11-25 17:25:11","25"
"1171","31","37.0","Discord","2019-12-27 16:59:17","25"
"1172","31","38.0","Tio's Past","2020-01-31 16:31:45","25"
"1173","31","39.0","Return","2020-03-01 03:25:42","26"
"1174","31","40.0","Date","2020-04-22 15:46:50","25"
"1175","31","41.0","Myu","2020-05-25 06:54:11","25"
"1176","31","42.0","Papa","2020-07-21 11:28:07","25"
"1177","31","43.0","Our War","2020-08-21 13:34:26","25"
"1178","31","44.0","Cheap Drama","2020-08-27 10:45:31","25"
"1179","31","45.0","Nagumo Hajime","2020-10-10 12:46:41","26"
"1180","31","46.0","\"That Person\"","2020-11-14 12:17:46","30"
"1181","31","47.0","Shirasaki Kaori","2020-12-13 10:45:19","30"
"1182","31","48.0","What We Want","2021-01-20 14:36:48","30"
"1183","31","49.0","The Dukedom of Ankaji","2021-02-08 13:47:11","30"
"1184","31","50.0","The Bottom of the Oasis","2021-07-09 05:05:56","29"
"1185","31","51.0","Gruen Volcano","2021-07-09 05:03:58","29"
"1186","31","52.0","Take A Good Look","2021-07-09 05:02:21","29"
"1187","31","53.0","Guardian","2021-08-17 16:43:19","30"
"1188","31","54.0","Clear Conditions","2021-09-27 13:49:37","30"
"1189","31","55.0","Freid Bagwah","2021-10-28 17:08:08","28"
"1190","31","56.1","Pain Conversation","2021-12-19 14:48:24","14"
"1191","31","56.2","Pain Conversation","2021-12-20 09:00:06","17"
"1192","31","57.0","Eruption","2022-03-09 14:12:18","29"
"1193","31","58.0","The Dagons","2022-07-01 14:30:55","29"
"1194","31","59.0","Erisen","2022-07-01 15:11:02","29"
"1195","31","60.0","Underwater Ruins","2022-09-30 05:50:28","28"
"1196","31","61.0","Ship Graveyard","2022-09-30 05:51:59","28"
"1197","31","62.0","Party","2022-09-30 05:57:10","28"
"1198","31","63.0","Precious","2022-11-05 16:08:47","29"
"1199","31","64.0","The Power of Restoration","2022-12-05 23:11:31","28"
"1200","31","65.0","Wonderful People","2023-02-05 15:06:14","29"
"1201","31","66.0","Farewell","2023-04-23 15:10:31","29"
"1202","31","67.0","The Princess","2023-04-23 15:12:12","29"
"1203","31","68.0","Hollow","2023-06-07 10:20:20","29"
"1204","31","69.0","Irregular","2023-06-09 08:25:51","29"
"1205","31","70.0","My Beloved","2023-10-08 08:26:11","29"
"1206","31","71.0","Monster","2023-10-10 08:13:23","29"
"1207","31","72.0","For Hajime","2023-10-11 21:27:37","28"
"1208","31","73.0","Remembrance","2023-10-15 20:40:51","29"
"1209","31","74.0","Pieces to Pass the Time","2024-01-23 20:54:07","30"
"1210","31","75.0","Silver aura","2024-01-27 07:43:17","29"
"1211","31","76.0","Chapter 76.0","2024-05-04 19:09:18","31"
"1212","31","77.0","Chapter 77.0","2024-06-24 18:48:44","31"
"1213","31","78.0","Chapter 78.0","2024-07-12 13:56:02","29"
"1214","31","79.0","Chapter 79.0","2024-08-09 19:27:35","31"
"1215","31","80.0","What the Hell Is Going On?","2024-09-04 20:25:12","30"
"1216","31","81.0","The Defeated","2024-10-14 16:37:50","30"
"1217","31","81.0","Loser","2024-10-04 16:37:06","30"
"1218","31","82.0","Original Body","2024-10-05 03:16:31","29"
"1219","31","82.0","Original Body","2024-10-24 18:12:24","30"
"1220","31","83.0","Chapter 83.0","2024-12-07 13:42:29","30"
"1221","31","84.0","Chapter 84.0","2025-01-25 20:52:30","30"
"1222","31","85.1","Chapter 85.1","2025-03-13 19:25:59","17"
"1223","31","85.2","Chapter 85.2","2025-03-29 16:08:14","15"
"1224","31","86.1","Chapter 86.1","2025-05-06 19:08:00","17"
"1225","31","86.2","Chapter 86.2","2025-05-18 11:28:57","15"
"1226","31","87.1","Chapter 87.1","2025-06-12 18:44:04","17"
"1227","32","1.0","To The Other World","2020-01-08 12:53:21","28"
"1228","32","2.0","The Benefits Of Leveling Up!","2020-05-19 02:36:46","27"
"1229","32","3.0","Curiosity","2020-03-15 00:15:01","28"
"1230","32","4.0","The People Of The Other World","2020-05-21 02:39:33","40"
"1231","32","5.0","Chapter 5.0","2020-07-19 07:04:43","45"
"1232","32","6.0","Ousei Academy","2021-10-23 12:31:53","35"
"1233","32","7.0","Resolution","2021-10-23 12:33:41","42"
"1234","32","8.0","The Fated Person","2021-10-23 12:35:33","39"
"1235","32","9.0","Demon Den","2021-10-23 12:40:10","34"
"1236","32","10.0","New Life","2021-10-23 12:41:41","32"
"1237","32","11.0","Brave First Step","2021-10-23 12:43:56","35"
"1238","32","12.0","My Hero","2021-10-18 09:25:24","42"
"1239","32","13.0","New Family","2021-12-20 10:47:24","37"
"1240","32","14.0","Temptation Of The Bath","2022-02-23 11:27:57","19"
"1241","32","15.0","The Sage's Cave","2022-04-11 07:22:52","22"
"1242","32","16.0","The Dark Guild","2022-05-20 20:51:09","27"
"1243","32","17.0","Encounter In The Forest","2022-07-03 17:06:36","31"
"1244","32","18.0","Chapter 18.0","2022-08-23 13:00:53","36"
"1245","32","19.0","The Absurd Power Of Fire","2022-11-07 08:52:17","45"
"1246","32","20.0","School Trip","2023-01-20 08:42:55","41"
"1247","32","21.0","Outdoor Classes (Part 2)","2023-03-15 16:43:48","30"
"1248","32","22.0","Reunion","2023-04-23 12:36:55","23"
"1249","32","23.0","The Princess And The Assassin","2023-05-27 15:41:47","28"
"1250","32","24.0","Skinship","2023-09-03 06:50:57","25"
"1251","32","25.0","Declaration Of War","2023-10-28 08:26:04","25"
"1252","32","26.0","Scout","2023-12-07 04:34:44","29"
"1253","32","27.0","Ball Sports Festival","2024-01-19 09:16:41","31"
"1254","32","28.0","Chapter 28.0","2024-04-21 08:42:53","25"
"1255","32","29.0","Evil And Saint","2024-05-22 02:51:35","27"
"1256","32","30.0","Chapter 30.0","2024-12-10 10:46:57","24"
"1257","32","30.0","Chapter 30.0","2026-04-01 00:56:12","26"
"1258","32","31.0","Chapter 31.0","2024-12-21 16:26:52","23"
"1259","32","32.0","Chapter 32.0","2024-12-21 20:05:31","30"
"1260","32","33.0","Chapter 33.0","2025-04-03 13:52:52","45"
"1261","32","34.1","Chapter 34.1","2026-04-01 01:07:21","17"
"1262","32","34.2","Chapter 34.2","2026-04-09 06:54:26","17"
"1263","33","1.0","New Game","2020-05-26 22:58:12","35"
"1264","33","2.1","Dark Elf","2020-07-11 01:55:58","16"
"1265","33","2.2","Chapter 2.2","2020-07-19 23:32:22","14"
"1266","33","3.1","Negotiation","2020-07-22 01:37:36","18"
"1267","33","3.2","Chapter 3.2","2020-08-02 23:41:08","16"
"1268","33","4.0","Technology","2020-09-04 01:56:53","33"
"1269","33","5.0","Internal Affairs","2020-10-15 00:14:43","29"
"1270","33","6.1","Clash","2020-11-13 02:09:55","12"
"1271","33","6.2","Chapter 6.2","2020-11-27 03:47:11","15"
"1272","33","6.3","Chapter 6.3","2021-01-13 19:02:09","12"
"1273","33","6.3","Chapter 6.3","2021-01-13 19:13:26","12"
"1274","33","7.1","The Witch","2021-01-14 04:25:28","14"
"1275","33","7.1","Witch","2021-01-13 18:37:38","14"
"1276","33","7.2","Chapter 7.2","2021-01-31 23:40:17","13"
"1277","33","7.3","Chapter 7.3","2021-02-09 15:14:31","11"
"1278","33","8.1","When the World's Cataclysm is Sowed","2021-02-11 01:11:12","11"
"1279","33","8.1","Chapter 8.1","2021-02-11 10:51:46","11"
"1280","33","8.2","Chapter 8.2","2021-03-04 02:34:14","12"
"1281","33","8.3","8.3","2021-08-14 12:21:34","13"
"1282","33","8.3","Chapter 8.3","2021-09-10 06:20:59","12"
"1283","33","9.1","Twins","2021-09-10 06:21:39","19"
"1284","33","9.2","Chapter 9.2","2021-09-10 06:22:12","15"
"1285","33","10.1","Encounter","2021-09-10 06:22:58","15"
"1286","33","10.2","Chapter 10.2","2021-09-10 06:23:55","12"
"1287","33","11.1","Review","2021-09-10 06:24:34","17"
"1288","33","11.2","Chapter 11.2","2021-10-01 15:48:08","18"
"1289","33","12.1","The City Representative","2021-10-23 14:50:45","22"
"1290","33","12.2","Chapter 12.2","2021-12-02 19:10:54","22"
"1291","33","13.1","The Queen of all Insects","2021-12-08 12:37:28","16"
"1292","33","13.2","Chapter 13.2","2022-01-23 17:40:12","16"
"1293","33","14.1","Motherland","2022-02-01 22:35:22","16"
"1294","33","14.2","Chapter 14.2","2022-03-12 06:30:29","18"
"1295","33","15.0","Anomaly","2022-05-17 06:08:16","16"
"1296","33","15.0","Incident","2022-05-16 15:19:24","16"
"1297","33","15.5","The Moon (Reversed)","2022-08-12 04:33:13","11"
"1298","33","16.0","Invasion","2022-06-26 16:39:38","29"
"1299","33","16.0","Invasion","2022-08-25 20:42:51","29"
"1300","33","17.0","Incompatible Evils","2022-08-27 07:03:01","33"
"1301","33","17.1","Two shades of evil don't mix","2022-08-26 04:36:27","13"
"1302","33","18.0","Strange Movements","2022-10-21 15:12:30","38"
"1303","33","19.0","Defense","2022-12-26 14:12:52","31"
"1304","33","20.0","The End of Freedom","2023-01-29 13:03:05","17"
"1305","33","21.0","We Love You","2023-02-26 12:47:18","17"
"1306","33","22.0","Witches of Regret ①","2023-04-22 15:45:50","19"
"1307","33","22.2","Witches of Regret ②","2023-05-06 14:57:32","13"
"1308","33","23.0","Curtain Call ① + ②","2023-06-18 14:04:35","23"
"1309","33","23.3","Curtain Call ③","2023-07-02 13:31:45","18"
"1310","33","24.0","So Begins the Game of Gods","2023-09-10 13:36:48","39"
"1311","33","25.0","Clever Scheme","2023-11-13 13:47:30","31"
"1312","33","26.0","Conference of Two Nations","2024-02-29 13:40:12","33"
"1313","33","27.0","Reconstruction","2024-06-13 15:54:33","35"
"1314","33","28.0","Regicide","2024-08-16 16:25:27","28"
"1315","33","29.0","Idleness","2024-12-24 15:48:49","40"
"1316","33","30.0","The King of Ruin","2025-03-31 14:24:57","33"
"1317","33","31.0","Curtain","2025-10-03 13:53:38","31"
"1318","34","1.0","Chapter 1.0","2018-10-27 14:56:09","38"
"1319","34","2.0","Chapter 2.0","2018-10-29 12:01:42","31"
"1320","34","3.0","Chapter 3.0","2018-11-20 09:08:49","28"
"1321","34","4.0","Chapter 4.0","2018-12-06 03:48:20","33"
"1322","34","5.0","Chapter 5.0","2018-12-23 17:27:47","31"
"1323","34","6.0","Chapter 6.0","2018-12-24 11:00:33","38"
"1324","34","7.0","Chapter 7.0","2019-01-13 10:44:01","31"
"1325","34","8.0","Chapter 8.0","2019-01-31 14:29:51","26"
"1326","34","9.0","Chapter 9.0","2019-02-10 12:26:32","33"
"1327","34","9.5","2018 Good Couples Day Special","2018-11-25 10:03:04","5"
"1328","34","10.0","Chapter 10.0","2019-02-14 21:08:06","32"
"1329","34","10.5","Twitter Extra","2025-05-03 23:41:10","3"
"1330","34","11.0","Chapter 11.0","2019-03-03 20:27:04","31"
"1331","34","12.0","Chapter 12.0","2019-03-16 16:30:51","40"
"1332","34","13.0","Chapter 13.0","2019-04-07 16:05:12","26"
"1333","34","14.0","Chapter 14.0","2019-04-21 23:35:08","31"
"1334","34","15.0","Chapter 15.0","2019-05-30 21:43:31","24"
"1335","34","16.0","Chapter 16.0","2019-07-01 15:34:22","30"
"1336","34","17.0","Chapter 17.0","2019-08-24 13:21:07","33"
"1337","34","18.0","Chapter 18.0","2019-09-05 19:19:52","35"
"1338","34","19.0","Chapter 19.0","2019-10-10 12:50:59","31"
"1339","34","20.0","Chapter 20.0","2019-10-26 16:22:36","27"
"1340","34","21.0","Chapter 21.0","2019-12-01 16:54:57","29"
"1341","34","22.0","Chapter 22.0","2019-12-24 16:45:34","38"
"1342","34","23.0","Chapter 23.0","2020-02-15 19:36:46","31"
"1343","34","24.0","Chapter 24.0","2020-02-15 19:36:26","25"
"1344","34","25.0","Chapter 25.0","2020-03-31 16:37:03","28"
"1345","34","26.0","Chapter 26.0","2020-04-16 22:45:02","36"
"1346","34","27.0","Chapter 27.0","2020-05-22 15:42:04","28"
"1347","34","28.0","Chapter 28.0","2020-06-29 15:34:03","31"
"1348","34","29.0","Chapter 29.0","2020-08-22 04:18:27","34"
"1349","34","30.0","Chapter 30.0","2020-09-21 14:31:34","25"
"1350","34","31.0","Chapter 31.0","2020-10-11 05:19:34","29"
"1351","34","32.0","Chapter 32.0","2020-11-01 17:46:25","33"
"1352","34","33.0","Chapter 33.0","2020-11-29 18:02:21","31"
"1353","34","34.0","Chapter 34.0","2021-01-13 15:18:01","29"
"1354","34","35.0","Chapter 35.0","2021-02-04 15:25:32","37"
"1355","34","36.0","Chapter 36.0","2021-07-07 16:11:13","26"
"1356","34","36.5","Chapter 36.5","2021-07-07 16:14:06","10"
"1357","34","37.0","Chapter 37.0","2021-07-07 16:18:45","27"
"1358","34","38.0","Chapter 38.0","2021-07-07 16:21:13","31"
"1359","34","39.0","Chapter 39.0","2021-07-26 23:02:00","33"
"1360","34","40.0","Chapter 40.0","2021-09-01 16:22:39","41"
"1361","34","41.0","Chapter 41.0","2021-10-09 18:14:41","37"
"1362","34","42.0","Chapter 42.0","2021-11-02 12:02:36","27"
"1363","34","42.5","Chapter 42.5","2021-11-17 03:44:48","17"
"1364","34","43.0","Chapter 43.0","2021-12-17 12:26:53","49"
"1365","34","44.0","Chapter 44.0","2022-01-13 13:32:12","39"
"1366","34","45.0","Chapter 45.0","2022-03-03 14:30:03","28"
"1367","34","46.0","Chapter 46.0","2022-04-19 10:25:19","33"
"1368","34","46.0","Chapter 46.0","2022-05-28 06:12:18","32"
"1369","34","47.0","Chapter 47.0","2022-06-28 23:56:45","29"
"1370","34","48.0","Chapter 48.0","2022-06-29 18:13:34","19"
"1371","34","49.0","Chapter 49.0","2022-08-13 21:29:16","25"
"1372","34","50.0","Chapter 50.0","2022-08-15 02:56:51","24"
"1373","34","51.0","Chapter 51.0","2022-08-27 04:29:50","17"
"1374","34","52.0","Chapter 52.0","2022-10-10 17:08:42","37"
"1375","34","53.0","Chapter 53.0","2022-10-15 23:18:28","27"
"1376","34","54.0","Chapter 54.0","2022-11-06 18:07:14","40"
"1377","34","54.5","Chapter 54.5","2022-11-11 18:31:53","13"
"1378","34","55.0","Chapter 55.0","2022-12-22 08:46:48","42"
"1379","34","56.0","Chapter 56","2023-01-05 17:22:47","27"
"1380","34","56.0","Chapter 56.0","2023-01-08 05:48:19","30"
"1381","34","57.0","Chapter 57.0","2023-01-08 10:37:15","11"
"1382","34","57.0","Chapter 57","2023-01-08 01:05:39","10"
"1383","34","58.0","Chapter 58.0","2023-04-03 06:39:52","40"
"1384","34","59.0","Chapter 59.0","2023-05-02 05:58:44","33"
"1385","34","60.0","Chapter 60.0","2023-06-14 18:22:26","25"
"1386","34","60.0","Chapter 60.0","2024-10-31 07:23:20","27"
"1387","34","61.0","Chapter 61.0","2024-10-31 07:24:44","32"
"1388","34","61.0","Chapter 61.0","2023-06-17 09:19:27","30"
"1389","34","62.0","Chapter 62.0","2023-07-07 20:07:33","30"
"1390","34","62.0","Ch. 62","2023-07-07 20:07:03","32"
"1391","34","62.0","Chapter 62.0","2024-10-31 07:26:13","32"
"1392","34","63.0","Ch. 63","2023-08-04 19:04:49","39"
"1393","34","63.0","Chapter 63.0","2023-08-24 01:21:27","36"
"1394","34","63.1","Twitter Extra","2023-08-08 00:05:14","5"
"1395","34","63.2","Twitter extra - Buying ice cream","2023-09-29 20:29:26","7"
"1396","34","64.0","It's all summer's fault.","2023-09-04 02:55:32","34"
"1397","34","65.0","Chapter 65.0","2023-10-04 19:11:34","19"
"1398","34","66.0","Chapter 66.0","2023-12-04 22:26:00","35"
"1399","34","67.0","Chapter 67.0","2024-01-04 01:03:06","25"
"1400","34","68.0","Chapter 68.0","2024-02-04 22:33:57","27"
"1401","34","69.0","Chapter 69.0","2024-03-05 21:59:51","38"
"1402","34","70.0","Chapter 70.0","2024-04-09 19:34:06","32"
"1403","34","71.0","Chapter 71.0","2024-05-03 02:56:43","35"
"1404","34","72.0","Chapter 72.0","2024-06-05 02:28:13","19"
"1405","34","73.0","Chapter 73.0","2024-08-12 23:25:37","35"
"1406","34","74.0","Chapter 74.0","2024-09-04 19:19:54","27"
"1407","34","75.0","Chapter 75.0","2024-10-06 07:49:03","23"
"1408","34","76.0","Chapter 76.0","2024-11-01 23:13:53","27"
"1409","34","77.0","Chapter 77.0","2024-12-05 15:20:25","28"
"1410","34","78.0","My eyes will be on the prize!","2025-02-06 02:01:06","42"
"1411","34","79.0","Chapter 79.0","2025-03-05 21:47:00","21"
"1412","35","1.0","Chapter 1.0","2024-09-21 18:16:46","56"
"1413","35","2.0","Chapter 2.0","2024-10-08 17:09:26","36"
"1414","35","3.0","A Year and A Half's Progress!","2024-11-14 19:59:59","34"
"1415","35","4.0","Engagement","2024-12-16 09:10:15","41"
"1416","35","5.0","The Ultimate Line","2025-01-15 01:59:40","37"
"1417","35","6.0","Entrance Test","2025-02-13 13:16:37","28"
"1418","35","7.0","The Results of Reformation","2025-03-07 18:50:52","28"
"1419","35","8.0","The Determination to Crush","2025-05-10 01:43:36","27"
"1420","35","9.0","Scout","2025-07-05 08:35:54","26"
"1421","35","10.0","Each of Their Growth","2025-07-05 16:56:54","24"
"1422","35","11.0","Carelessness is the Greatest Enemy","2025-09-15 18:21:49","29"
"1423","35","11.0","Carelessness is the Greatest Enemy","2025-09-15 19:16:05","29"
"1424","35","12.0","The Privileges of a B-Rank","2025-10-07 20:38:04","30"
"1425","35","13.0","Unexpected Turn","2025-10-14 09:00:05","16"
"1426","35","14.0","Harsh Training After a Long Time","2025-11-14 17:45:48","14"
"1427","35","15.0","Paradise on the Water","2025-11-15 17:28:58","16"
"1428","35","16.0","Why I Chose the Academy","2025-11-24 10:29:17","13"
"1429","35","17.1","Necessary Evil and Absolute Evil","2025-12-06 07:23:40","15"
"1430","35","17.2","Lessons from Milk-sensei","2025-12-22 06:03:58","15"
"1431","35","18.1","The Beginning of the \"Death Game\" - 1","2026-01-16 15:33:20","14"
"1432","35","18.2","The Beginning of the \"Death Game\" - 2","2026-01-25 07:46:13","12"
"1433","35","19.1","Monster Hunting - 1","2026-02-07 17:19:44","14"
"1434","35","19.2","Monster Hunting - 2","2026-02-19 16:10:01","16"
"1435","35","20.1","Daughter of the Elias Family - 1","2026-03-09 11:48:59","17"
"1436","35","20.2","Daughter of the Elias Family - 2","2026-03-28 10:49:29","17"
"1437","35","21.1","Unyielding and Unbending - 1","2026-04-09 10:34:10","17"
"1438","35","21.2","Unyielding and Unbending - 2","2026-04-17 18:15:45","16"
"1439","36","1.0","I Want to be Invited to a Movie","2018-01-19 04:36:07","31"
"1440","36","2.0","I Want to Play Old Maid","2018-01-29 04:39:45","19"
"1441","36","3.0","Kaguya Doesn't Know Much","2018-01-29 04:41:45","18"
"1442","36","4.0","Miyuki Shirogane Wants to Answer","2018-01-29 04:47:09","19"
"1443","36","5.0","Kaguya Wants to Eat","2018-01-29 04:48:28","18"
"1444","36","5.5","Extra Chapter","2018-01-29 04:50:03","15"
"1445","36","6.0","Miyuki Shirogane Wants to Hide","2018-01-29 04:50:38","18"
"1446","36","7.0","Fujiwara Wants to Go On a Trip","2018-01-29 04:52:39","18"
"1447","36","8.0","Kaguya Wants to be Answered","2018-01-29 04:53:08","18"
"1448","36","9.0","Kaguya Wants to Walk","2018-01-29 04:54:07","19"
"1449","36","10.0","The Student Council Wants to Play a Prank","2018-01-29 05:12:48","20"
"1450","36","10.5","Volume 1 Extras","2018-01-27 06:38:04","13"
"1451","36","11.0","Kaguya Wants to Exchange","2018-01-29 05:15:03","28"
"1452","36","12.0","Kaguya Wants to be Stopped","2018-01-29 05:16:07","16"
"1453","36","13.0","Kaguya Wants to be Indirect","2018-01-29 05:16:33","19"
"1454","36","14.0","Miyuki Shirogane Hasn't Done It","2018-01-29 05:16:59","21"
"1455","36","15.0","Miyuki Shirogane Wants to Flee","2018-01-29 05:17:24","18"
"1456","36","16.0","Kaguya Wants to Do Well","2018-01-29 05:17:50","18"
"1457","36","17.0","Kaguya Wants to Adore","2018-01-29 05:18:10","18"
"1458","36","18.0","The Student Council Wants to Talk","2018-01-29 05:19:35","18"
"1459","36","19.0","Kaguya Wants to be Sent","2018-01-29 05:20:36","18"
"1460","36","20.0","Miyuki Shirogane Wants to Speak","2018-01-29 05:32:48","18"
"1461","36","20.5","Volume 2 Extras","2018-01-27 06:38:47","17"
"1462","36","21.0","Kaguya Wants to Have Held","2018-01-29 05:34:12","19"
"1463","36","22.0","Chika Fujiwara Wants to be Eaten","2018-01-29 05:34:39","18"
"1464","36","23.0","Miyuki Shirogane Wants to Show Off","2018-01-29 05:37:36","18"
"1465","36","24.0","Yu Ishigami Wants to Survive","2018-01-29 05:40:18","18"
"1466","36","25.0","Kaguya Wants to be Noticed","2018-01-29 05:41:00","18"
"1467","36","26.0","Miyuki Shirogane Wants to Work","2018-01-29 05:42:45","18"
"1468","36","27.0","Kaguya Wants to Endure","2018-01-29 05:43:37","19"
"1469","36","27.5","Extra Chapter","2018-01-29 05:44:35","19"
"1470","36","28.0","Chika Fujiwara Wants to Test","2018-01-29 05:45:34","18"
"1471","36","29.0","Kaguya Wants to be Joined","2018-01-29 05:46:20","18"
"1472","36","30.0","Ai Hayasaka Wants to Defend","2018-01-29 05:47:05","18"
"1473","36","30.5","Volume 3 Extras","2018-01-29 05:47:26","14"
"1474","36","31.0","Miyuki Shirogane Can't Lose","2018-01-29 07:05:57","18"
"1475","36","32.0","Kaguya Wants to be Hated","2018-01-29 07:06:30","18"
"1476","36","33.0","Kaguya Wants to Offer","2018-01-29 07:07:00","18"
"1477","36","34.0","Chika Fujiwara Wants to Visit","2018-01-29 07:08:37","18"
"1478","36","35.0","Regarding Kaguya Shinomiya, Part 1","2018-01-29 07:09:09","18"
"1479","36","36.0","Miyuki Shirogane Wants to Sing","2018-01-29 07:09:51","19"
"1480","36","37.0","Kaguya Won't Relent","2018-01-29 07:30:55","18"
"1481","36","38.0","Kaguya Wants to Forgive","2018-01-29 07:31:52","18"
"1482","36","39.0","Kaguya Wants to be Called","2018-01-29 07:34:26","19"
"1483","36","40.0","Miyuki Shirogane Wants to Go on a Trip","2018-01-29 07:37:38","18"
"1484","36","40.5","Volume 4 Extras","2018-01-29 07:38:57","15"
"1485","36","41.0","Miyuki Shirogane Wants to Meet","2018-01-29 07:50:48","18"
"1486","36","42.0","Ai Hayasaka Wants to Soak","2018-01-29 07:53:35","18"
"1487","36","43.0","Chika Fujiwara Really Wants to Eat","2018-01-29 07:55:59","18"
"1488","36","44.0","I Can't Hear the Fireworks, Part 1","2018-01-29 07:59:10","18"
"1489","36","45.0","I Can't Hear the Fireworks, Part 2","2018-01-29 08:04:41","21"
"1490","36","45.5","I Can't Hear the Fireworks: The Aftermath","2019-09-15 21:23:33","4"
"1491","36","45.5","I Can't Hear the Fireworks: The Aftermath","2019-09-07 08:44:52","5"
"1492","36","46.0","Kaguya Doesn't Want to Avoid","2018-01-20 06:37:44","20"
"1493","36","46.5","Anime Blu-ray Extra Chapter","2019-12-04 19:06:36","17"
"1494","36","47.0","Kaguya Wants to Choose","2018-01-29 08:06:13","18"
"1495","36","48.0","The Student Council Isn't Alpha","2018-01-29 08:09:53","18"
"1496","36","49.0","Miyuki Shirogane Wants to Prepare","2018-01-29 08:12:00","21"
"1497","36","50.0","Nagisa Kashiwagi Can't Watch","2018-01-29 08:15:34","19"
"1498","36","50.5","Volume 5 Extras","2018-01-29 08:18:33","12"
"1499","36","51.0","Kaguya Wants to Celebrate","2018-01-29 08:23:35","18"
"1500","36","52.0","Kaguya Wants to Ask","2018-01-29 08:27:09","19"
"1501","36","53.0","Kaguya Wants to Give","2018-01-29 08:30:44","18"
"1502","36","54.0","Chika Fujiwara Wants to Confirm","2018-01-29 08:33:30","18"
"1503","36","55.0","Thus, Yu Ishigami Closed His Eyes, Part 1","2018-01-29 08:37:14","18"
"1504","36","56.0","Miyuki Shirogane Wants to Gaze","2018-01-29 08:42:12","18"
"1505","36","57.0","Kaguya Wants to Marry","2018-01-29 08:49:47","18"
"1506","36","58.0","Ai Hayasaka Wants to Seduce","2018-01-29 08:52:24","18"
"1507","36","59.0","The 67th Student Council","2018-01-29 08:56:45","18"
"1508","36","60.0","Chapter 60","2018-01-29 09:04:26","18"
"1509","36","60.5","Vol 6 Extras","2018-07-21 11:58:11","11"
"1510","36","61.0","Kaguya Wants a Confession","2018-01-29 09:12:48","20"
"1511","36","62.0","Miyuki Shirogane Wants to Draw","2018-01-29 09:14:56","18"
"1512","36","63.0","Miyuki Shirogane Wants to Be Popular","2018-01-29 09:16:48","18"
"1513","36","64.0","Nagisa Kashiwagi Wants to Console","2018-01-29 09:18:59","18"
"1514","36","64.5","Kaguya Wants to be Confessed to Darkness","2018-01-29 09:20:44","11"
"1515","36","65.0","Miko Iino Wants to Correct","2018-01-29 09:25:20","18"
"1516","36","66.0","Kaguya Wants to Eliminate","2018-01-29 09:25:43","18"
"1517","36","67.0","Miko Iino Can't be Laughed At","2018-01-29 09:29:54","18"
"1518","36","68.0","I Want to Make Miko Iino Smile","2018-01-29 09:37:50","18"
"1519","36","69.0","Kaguya Hasn't Been Called","2018-01-29 09:41:26","18"
"1520","36","70.0","Kaguya Wants to Strip","2018-01-29 09:41:55","18"
"1521","36","70.5","Vol 7 Extras","2018-07-21 11:58:12","10"
"1522","36","71.0","Kaguya Wants to Produce","2018-01-29 09:43:49","18"
"1523","36","72.0","Miko Iino Wants to Restrain","2018-01-29 09:47:23","20"
"1524","36","73.0","Miyuki Shirogane Wants to Read","2018-01-31 08:22:15","18"
"1525","36","74.0","Kaguya ♡ Aquarium","2018-01-31 08:23:45","18"
"1526","36","75.0","Kaguya Wants to Collect","2018-01-31 08:24:53","18"
"1527","36","76.0","Nagisa Kashiwagi is Annoying","2018-01-31 08:29:08","18"
"1528","36","77.0","Chika Fujiwara Wants to Get Information","2018-01-31 08:38:36","18"
"1529","36","78.0","Kaguya Isn't Frightened","2018-01-31 08:39:29","20"
"1530","36","79.0","Kaguya Wants To Be Examined","2018-07-13 20:57:13","18"
"1531","36","80.0","Thus, Yu Ishigami Closed His Eyes, Part 2","2018-07-13 20:57:14","18"
"1532","36","80.5","Vol 8 Extras","2018-07-21 11:58:13","11"
"1533","36","81.0","Kaguya Wants to Touch","2018-07-13 20:57:16","18"
"1534","36","82.0","Kaguya Won't Refuse","2018-07-13 20:57:17","18"
"1535","38","1.0","Chapter 1.0","2018-07-18 21:30:14","42"
"1536","38","2.0","Chapter 2.0","2018-07-23 22:32:30","30"
"1537","38","3.0","Chapter 3.0","2018-07-27 22:58:12","24"
"1538","38","4.0","Chapter 4.0","2018-08-06 21:18:01","20"
"1539","38","5.0","Chapter 5.0","2018-08-12 22:01:19","22"
"1540","38","6.0","Chapter 6.0","2018-09-06 21:15:42","24"
"1541","38","7.0","Chapter 7.0","2018-12-19 21:44:29","10"
"1542","38","8.0","Chapter 8.0","2018-12-19 21:44:39","24"
"1543","38","9.0","Chapter 9.0","2019-01-02 02:57:00","31"
"1544","38","10.0","Chapter 10.0","2019-05-06 16:24:29","30"
"1545","38","11.0","Chapter 11.0","2019-05-06 16:24:38","26"
"1546","38","12.0","Chapter 12.0","2019-09-09 20:38:56","48"
"1547","38","13.0","Chapter 13.0","2019-11-01 01:32:27","26"
"1548","38","14.0","Chapter 14.0","2019-11-01 01:32:40","25"
"1549","38","15.0","Chapter 15.0","2019-12-03 19:05:56","35"
"1550","38","16.0","Chapter 16.0","2019-12-03 23:55:19","37"
"1551","38","17.0","Chapter 17.0","2019-12-04 17:12:47","32"
"1552","38","18.0","Chapter 18.0","2019-12-05 14:49:42","25"
"1553","38","19.0","Chapter 19.0","2020-03-10 04:45:59","38"
"1554","38","20.0","Chapter 20.0","2020-04-05 05:28:04","31"
"1555","38","21.0","Chapter 21.0","2020-05-14 01:08:31","36"
"1556","38","22.0","Chapter 22.0","2020-05-17 06:16:57","35"
"1557","38","23.0","Chapter 23.0","2020-07-19 01:57:13","37"
"1558","38","24.0","Chapter 24.0","2020-09-04 00:18:31","33"
"1559","38","25.0","Chapter 25.0","2020-10-21 03:46:35","31"
"1560","38","26.0","Chapter 26.0","2020-10-27 04:20:27","30"
"1561","38","27.0","Chapter 27.0","2020-12-09 05:00:23","33"
"1562","38","28.0","Chapter 28.0","2020-12-11 16:38:34","28"
"1563","38","28.0","Chapter 28.0","2020-12-10 11:24:04","30"
"1564","38","29.0","Chapter 29.0","2021-01-23 19:14:59","37"
"1565","38","30.0","Chapter 30.0","2021-02-15 04:28:35","29"
"1566","38","31.0","Chapter 31.0","2021-07-08 19:41:49","36"
"1567","38","32.0","Chapter 32.0","2021-07-08 20:10:36","30"
"1568","38","33.0","Chapter 33.0","2021-07-08 20:21:13","42"
"1569","38","34.0","Chapter 34.0","2021-08-06 03:39:49","37"
"1570","38","35.0","Chapter 35.0","2021-09-06 11:06:42","27"
"1571","38","36.0","Chapter 36.0","2021-10-09 12:36:35","33"
"1572","38","37.0","Chapter 37.0","2021-10-09 12:54:47","33"
"1573","38","38.0","Chapter 38.0","2022-01-08 16:41:49","31"
"1574","38","39.0","Chapter 39.0","2022-02-27 11:59:09","30"
"1575","38","40.0","Chapter 40.0","2022-03-12 06:53:28","43"
"1576","38","41.0","Chapter 41.0","2022-04-10 16:43:11","31"
"1577","38","42.0","Chapter 42.0","2022-06-08 17:49:59","36"
"1578","38","43.0","Chapter 43.0","2022-07-12 07:45:37","28"
"1579","38","44.0","Chapter 44.0","2022-08-22 15:05:31","35"
"1580","38","45.0","Chapter 45.0","2022-10-15 10:42:10","34"
"1581","38","46.0","Chapter 46.0","2022-10-24 21:16:11","33"
"1582","38","47.0","Chapter 47.0","2022-11-08 07:00:57","28"
"1583","38","48.0","Chapter 48.0","2023-01-14 19:22:54","34"
"1584","38","49.0","Chapter 49.0","2023-02-13 20:01:37","32"
"1585","38","50.0","Chapter 50.0","2023-03-10 06:14:42","35"
"1586","38","51.0","Chapter 51.0","2023-04-12 18:28:14","23"
"1587","38","52.0","Chapter 52.0","2023-05-09 21:26:36","31"
"1588","38","53.1","Chapter 53.1","2023-06-08 20:31:19","16"
"1589","38","53.2","Chapter 53.2","2023-07-05 14:54:49","19"
"1590","38","54.0","Chapter 54.0","2023-08-05 19:25:35","38"
"1591","38","55.0","Chapter 55.0","2023-11-23 20:41:51","37"
"1592","38","56.0","Chapter 56.0","2023-12-28 05:56:04","33"
"1593","38","57.0","Chapter 57.0","2024-01-21 20:40:06","33"
"1594","38","58.0","Chapter 58.0","2024-02-11 21:47:37","17"
"1595","38","59.0","Chapter 59.0","2024-03-20 21:00:58","25"
"1596","38","60.0","Chapter 60.0","2024-04-22 20:31:40","25"
"1597","38","61.0","Chapter 61.0","2024-05-14 20:54:10","25"
"1598","38","62.0","Chapter 62.0","2024-07-28 21:47:08","36"
"1599","38","63.0","Chapter 63.0","2024-08-27 22:28:48","28"
"1600","38","64.0","Chapter 64.0","2024-10-27 20:38:32","37"
"1601","38","65.0","Chapter 65.0","2024-12-10 22:48:43","35"
"1602","38","66.0","Chapter 66.0","2024-12-25 21:45:18","22"
"1603","38","67.0","Chapter 67.0","2025-03-03 21:02:51","34"
"1604","38","68.0","Chapter 68.0","2025-03-03 21:05:43","25"
"1605","38","69.0","Chapter 69.0","2025-03-30 21:30:46","25"
"1606","38","70.0","Chapter 70.0","2025-05-24 23:21:02","35"
"1607","38","71.0","Chapter 71.0","2025-05-31 21:52:50","30"
"1608","38","72.0","Chapter 72.0","2025-06-25 22:06:14","33"
"1609","38","73.1","Chapter 73.1","2025-07-26 21:37:45","27"
"1610","38","73.2","Chapter 73.2","2025-08-21 20:47:09","21"
"1611","38","74.0","Chapter 74.0","2025-09-17 23:09:02","19"
"1612","38","75.0","Chapter 75.0","2025-10-16 20:45:16","14"
"1613","38","76.0","Chapter 76.0","2025-12-18 21:15:12","25"
"1614","39","1.0","Chapter 1.0","2025-04-28 15:04:22","27"
"1615","39","1.5","Bonus","2025-05-01 13:02:48","9"
"1616","39","2.0","Chapter 2.0","2025-05-05 12:43:39","18"
"1617","39","3.0","Chapter 3.0","2025-05-11 15:59:34","19"
"1618","39","3.0","Chapter 3.0","2025-05-11 17:58:31","20"
"1619","39","3.5","Bonus","2025-05-18 09:42:11","5"
"1620","39","4.0","Chapter 4.0","2025-05-26 08:33:38","18"
"1621","39","4.5","Bonus","2025-05-31 18:35:36","4"
"1622","39","5.0","Chapter 5.0","2025-06-08 20:23:55","20"
"1623","39","5.5","Bonus","2025-06-14 23:19:44","5"
"1624","39","6.0","Chapter 6.0","2025-06-23 12:26:22","22"
"1625","39","6.5","Bonus","2025-06-28 22:58:05","5"
"1626","39","7.0","Chapter 7.0","2025-07-07 08:03:42","17"
"1627","39","7.5","Bonus","2025-07-13 03:23:23","4"
"1628","39","8.0","Chapter 8.0","2025-07-21 16:36:01","27"
"1629","39","8.5","Bonus","2025-07-26 23:27:25","5"
"1630","39","9.0","Chapter 9.0","2025-08-06 09:52:05","35"
"1631","39","9.1","Volume 1 Extras","2025-12-30 10:14:01","10"
"1632","39","9.5","Chapter 9.5","2025-08-10 00:28:23","5"
"1633","39","10.0","Chapter 10.0","2025-08-19 08:38:25","23"
"1634","39","10.5","Chapter 10.5","2025-08-24 21:10:21","5"
"1635","39","11.0","Chapter 11.0","2025-09-04 12:42:50","27"
"1636","39","11.5","Chapter 11.5","2025-09-15 07:18:50","4"
"1637","39","12.0","Chapter 12.0","2025-09-25 06:44:41","22"
"1638","39","12.5","Chapter 12.5","2025-09-28 07:42:49","5"
"1639","39","13.0","Chapter 13.0","2025-10-10 05:54:53","22"
"1640","39","13.5","Chapter 13.5","2025-10-12 23:31:24","4"
"1641","39","14.0","Chapter 14.0","2025-10-24 10:12:42","21"
"1642","39","14.5","Chapter 14.5","2025-10-26 06:13:55","5"
"1643","39","15.0","Chapter 15.0","2025-11-10 12:46:58","30"
"1644","39","15.5","Chapter 15.5","2025-11-14 03:39:09","10"
"1645","39","16.0","Chapter 16.0","2025-11-23 07:53:23","22"
"1646","39","16.5","Chapter 16.5","2025-12-01 08:56:41","13"
"1647","39","17.0","Chapter 17.0","2025-12-06 11:20:16","36"
"1648","39","17.5","Chapter 17.5","2025-12-07 11:42:02","7"
"1649","39","18.0","Chapter 18.0","2025-12-20 09:51:37","21"
"1650","39","18.5","Chapter 18.5","2025-12-27 07:52:27","12"
"1651","39","19.0","Chapter 19.0","2026-01-08 08:41:49","27"
"1652","39","19.5","Chapter 19.5","2026-01-17 04:39:55","12"
"1653","39","20.0","Chapter 20.0","2026-01-28 08:39:13","24"
"1654","39","20.5","Chapter 20.5","2026-01-31 08:10:33","4"
"1655","39","21.0","Chapter 21.0","2026-02-09 07:34:04","23"
"1656","39","21.5","Chapter 21.5","2026-02-11 08:58:39","15"
"1657","39","22.0","Chapter 22.0","2026-02-21 10:15:35","23"
"1658","39","22.5","Chapter 22.5","2026-02-27 08:53:54","8"
"1659","39","23.0","Chapter 23.0","2026-03-08 05:19:00","20"
"1660","39","23.5","Chapter 23.5","2026-03-14 07:06:43","11"
"1661","39","24.0","Chapter 24.0","2026-03-22 01:19:11","25"
"1662","39","24.5","Chapter 24.5","2026-03-26 06:53:04","7"
"1663","39","25.0","Chapter 25.0","2026-04-07 07:11:09","35"
"1664","39","25.5","Chapter 25.5","2026-04-10 06:57:33","5"
"1665","39","26.0","Chapter 26.0","2026-04-22 06:24:31","23"
"1666","40","1.0","Chapter 1.0","2022-10-13 10:41:27","28"
"1667","40","2.0","Chapter 2.0","2022-10-29 05:41:06","44"
"1668","40","3.0","Chapter 3.0","2022-12-29 07:44:59","38"
"1669","40","4.0","Chapter 4.0","2023-01-14 09:29:25","37"
"1670","40","5.0","Chapter 5.0","2023-02-18 11:32:02","41"
"1671","40","5.5","Extra vol 1","2024-06-22 09:47:15","14"
"1672","40","6.1","Promise 1","2023-03-16 16:26:29","17"
"1673","40","6.2","Promise 2","2023-04-30 16:31:14","22"
"1674","40","7.0","The Second Beginning 1 The Visitor who takes good points","2023-06-01 11:19:35","44"
"1675","40","8.1","Second Beginning 2 Memories of the Soul Part 1","2023-07-21 15:09:40","30"
"1676","40","8.2","Second Beginning 2 Memories of the Soul Part 2","2023-07-21 15:12:53","16"
"1677","40","9.1","Memory's Fortune: The Quest for Hidden Treasures! 1","2023-09-22 20:30:23","28"
"1678","40","9.2","Memory's Fortune: The Quest for Hidden Treasures! 2","2023-09-22 20:32:17","18"
"1679","40","10.1","The Ultimate Weapon 1: Settling the score with the past","2023-11-28 23:47:19","26"
"1680","40","10.2","The Ultimate Weapon 2: Settling the score with the past","2023-11-28 23:48:44","18"
"1681","40","10.5","Extra vol 2","2024-06-25 09:38:44","18"
"1682","40","11.0","Genuine","2024-02-03 17:12:25","35"
"1683","40","12.0","The True Hero","2024-03-26 19:28:01","40"
"1684","40","13.0","The Demon World","2024-05-01 18:51:42","30"
"1685","40","14.1","Great Army","2024-06-19 17:21:39","14"
"1686","40","14.2","Chapter 14.2","2024-06-19 20:35:55","13"
"1687","40","15.0","Resolve","2024-07-28 17:46:58","34"
"1688","40","16.0","The Feelings of the Other Side","2024-06-25 16:04:14","31"
"1689","40","17.0","The First Outcome","2024-08-29 12:49:46","37"
"1690","40","18.0","The Memoir of World 001 Part 1","2024-09-27 17:02:09","28"
"1691","40","19.0","The Memoir of World 001 Part 2","2024-10-26 15:53:34","27"
"1692","40","20.0","The Memoir of World 001 Part 3","2024-11-29 17:48:30","38"
"1693","40","21.0","Let's Go Together","2024-12-28 19:09:09","31"
"1694","40","22.0","The First Step","2025-03-01 22:45:59","29"
"1695","40","22.0","The First Step","2025-03-01 17:44:49","26"
"1696","40","23.0","The Greatest Enemy ","2025-03-30 13:29:40","33"
"1697","40","24.0","Goal","2025-06-25 17:20:40","35"
"1698","40","25.0","The Hero's Path","2025-07-25 18:50:51","41"
"1699","40","26.0","Proof of Self","2025-08-31 19:10:52","29"
"1700","40","27.1","Proof ①","2026-01-21 10:46:58","9"
"1701","40","27.2","Proof ②","2026-01-21 10:52:52","15"
"1702","40","27.3","Proof ③","2026-02-06 16:14:41","11"
"1703","40","27.4","Proof ④","2026-02-06 16:15:25","11"
"1704","40","28.0","The Hero Selection Trial","2026-03-28 19:13:30","39"
"1705","41","1.0","Goddess Announcing The Summon","2019-07-27 22:56:04","50"
"1706","41","1.0","The Goddess Explains The Summoning","2019-07-28 17:25:29","50"
"1707","41","2.0","Ruins of Disposal","2019-08-31 09:30:10","35"
"1708","41","3.0","Trample, or Get Trampled","2019-09-29 19:49:53","33"
"1709","41","4.0","Soul Eater","2019-10-28 16:47:31","45"
"1710","41","5.0","Avenger(s)","2020-01-07 21:47:01","36"
"1711","41","6.0","The Powerful and The Famous","2020-02-19 20:05:12","34"
"1712","41","7.0","A Man Named Hatty Schoel","2020-03-27 19:13:56","34"
"1713","41","8.0","A Woman Called The Valkyrie","2020-05-22 19:16:17","34"
"1714","41","9.0","Miruzu Historic Ruin","2020-07-09 18:59:08","38"
"1715","41","10.0","A Knight's Promise","2020-08-21 20:20:23","33"
"1716","41","11.0","Golden-Eyed Monsters and the Heroes","2020-10-01 23:10:25","35"
"1717","41","12.0","S-Ranked Hero","2020-10-16 14:59:21","35"
"1718","41","13.0","Serasu Ashren","2020-11-20 17:40:22","34"
"1719","41","14.0","Black Dragon Knights","2020-12-19 20:01:06","21"
"1720","41","15.0","Crisis","2021-01-26 12:54:44","22"
"1721","41","16.0","The Strongest Pursuer","2021-03-07 21:23:39","33"
"1722","41","17.0","The Five Dragon Warriors","2021-07-13 21:41:59","33"
"1723","41","18.0","Civit Gartland","2021-07-13 21:46:04","32"
"1724","41","19.0","The Power Gained from Enhancement","2021-07-13 21:51:13","32"
"1725","41","19.5","Chapter 19.5","2022-07-25 21:50:22","25"
"1726","41","20.0","The dream that the man saw","2021-08-14 15:36:56","34"
"1727","41","21.0","High Ranked and Low Ranked","2021-09-04 00:39:24","33"
"1728","41","22.0","The Godess's Representative","2021-11-21 00:04:57","33"
"1729","41","23.0","Mask","2021-11-22 01:28:44","33"
"1730","41","24.0","The Royal Capital, Monroy","2022-02-09 21:16:09","33"
"1731","41","26.0","Things I Want to Protect","2022-04-15 20:30:04","33"
"1732","41","27.0","Lizbeth","2022-04-21 18:41:51","33"
"1733","41","28.0","Escape","2022-05-21 18:17:28","33"
"1734","41","29.0","Group of Sorcerers","2022-06-15 20:48:41","33"
"1735","41","30.0","Dark Scheme","2022-07-30 18:55:34","32"
"1736","41","31.0","Connection","2022-08-23 20:17:13","32"
"1737","41","32.0","Joint Battle","2022-09-20 18:09:34","33"
"1738","41","34.0","The Four Revered Saints","2022-12-06 20:03:57","33"
"1739","41","35.0","The Golden Monster Zone","2023-01-18 18:21:55","32"
"1740","41","36.1","Hatching","2023-01-30 21:27:31","18"
"1741","41","36.2","Chapter 36.2","2023-01-31 20:11:22","18"
"1742","41","37.0","The human-faced monster","2023-03-20 18:16:48","26"
"1743","41","38.1","START","2023-03-29 16:49:10","18"
"1744","41","38.2","Chapter 38.2","2023-03-31 16:27:19","18"
"1745","41","39.1","Trample","2023-04-26 20:16:55","17"
"1746","41","39.2","Chapter 39.2","2023-04-27 18:23:47","18"
"1747","41","40.1","The Heroes, in the Dark","2023-06-04 17:51:31","19"
"1748","41","40.2","Chapter 40.2","2023-06-06 16:20:47","17"
"1749","41","41.1","The Unmeasurable Person","2023-07-09 17:26:17","17"
"1750","41","41.2","Chapter 41.2","2023-07-10 17:27:22","19"
"1751","41","42.1","Beyond the Limits","2023-08-18 17:20:57","17"
"1752","41","42.2","Chapter 42.2","2023-08-23 16:19:12","19"
"1753","41","43.1","Ravage","2023-09-17 16:48:53","19"
"1754","41","43.2","Chapter 43.2","2023-09-18 17:18:00","17"
"1755","41","44.1","The Witch's Realm","2023-10-10 20:05:17","13"
"1756","41","44.2","Chapter 44.2","2023-10-12 16:01:34","17"
"1757","41","45.1","The Invasion","2023-11-16 18:55:04","17"
"1758","41","45.2","Chapter 45.2","2023-11-18 17:11:39","18"
"1759","41","46.1","The Witch's House","2024-01-12 00:42:02","18"
"1760","41","46.2","Chapter 46.2","2024-01-13 18:23:57","18"
"1761","41","47.1","Change","2024-02-22 17:46:59","17"
"1762","41","47.2","Chapter 47.2","2024-02-23 17:30:37","18"
"1763","41","48.1","To the Northern Monster Area","2024-04-01 16:39:10","19"
"1764","41","48.2","Chapter 48.2","2024-04-02 16:19:56","16"
"1765","41","49.1","Rushing Forward ","2024-05-13 16:31:09","14"
"1766","41","49.2","Chapter 49.2","2024-05-14 17:52:35","16"
"1767","41","50.1","The Battle of the Heroes","2024-06-25 17:07:51","18"
"1768","41","50.2","Chapter 50.2","2024-06-26 16:18:01","18"
"1769","41","51.1","ONI","2024-07-14 17:47:59","18"
"1770","41","51.2","Chapter 51.2","2024-07-15 17:11:51","18"
"1771","41","52.1","Silver World","2024-08-13 17:57:01","18"
"1772","41","52.2","Chapter 52.2","2024-08-14 18:34:34","18"
"1773","41","53.1","The Beginning of the End","2024-09-19 16:51:15","17"
"1774","41","53.2","Chapter 53.2","2024-09-22 16:18:02","17"
"1775","41","54.1","Existence Outside the Frame","2024-11-10 21:16:51","18"
"1776","41","54.2","Chapter 54.2","2024-11-12 17:28:14","16"
"1777","41","55.1","Battle Outside the Walls","2024-12-18 00:31:03","18"
"1778","41","55.2","Chapter 55.2","2024-12-19 19:17:15","17"
"1779","41","56.1","Sogou Ayaka","2025-01-13 22:05:51","16"
"1780","41","56.2","Chapter 56.2","2025-01-15 00:53:43","14"
"1781","41","57.1","At Various Locations","2025-02-13 00:31:06","17"
"1782","41","57.2","Chapter 57.2","2025-02-14 00:06:41","18"
"1783","41","58.1","Homecoming","2025-03-25 16:25:35","19"
"1784","41","58.2","Chapter 58.2","2025-03-26 16:52:35","17"
"1785","41","59.1","Farewell and Departure","2025-05-09 01:01:20","17"
"1786","41","59.2","Chapter 59.2","2025-05-10 01:09:42","18"
"1787","41","60.1","Aiming for the country at the world's end","2025-06-09 09:30:05","19"
"1788","41","60.2","Chapter 60.2","2025-06-09 21:25:35","17"
"1789","41","61.1","The Sword of Courage","2025-07-25 23:34:24","18"
"1790","41","61.2","Chapter 61.2","2025-07-26 21:53:19","18"
"1791","41","62.1","Crush","2025-08-14 17:37:33","17"
"1792","41","62.2","Chapter 62.2","2025-08-15 20:14:34","17"
"1793","41","63.1","Twilight Hour","2025-09-27 12:55:48","17"
"1794","41","63.2","Chapter 63.2","2025-09-28 11:29:54","17"
"1795","41","64.1","In The Darkness, Distortion","2025-11-12 02:37:26","15"
"1796","41","64.2","Chapter 64.2","2025-11-12 16:46:50","12"
"1797","41","65.1","Nothing Comes From Revenge","2025-12-22 01:47:07","17"
"1798","41","65.2","Chapter 65.2","2025-12-22 01:47:36","18"
"1799","41","66.0","Beyond The Door","2026-01-19 21:31:37","32"
"1800","41","67.1","The Skeleton King","2026-03-11 11:42:13","16"
"1801","42","1.0","Anjou-san is Always Erotic","2018-05-16 11:07:17","16"
"1802","42","1.0","Anjou-san is Always Erotic","2018-09-30 09:36:56","17"
"1803","42","2.0","Anjou-san Won't Leave Me Alone","2018-05-16 11:11:34","13"
"1804","42","2.0","Anjou-san Won't Leave Me Alone","2018-11-12 21:18:45","16"
"1805","42","2.5","Vision Test","2018-05-18 14:25:46","3"
"1806","42","3.0","Anjou-san's Lunch Break","2018-05-21 03:10:48","12"
"1807","42","4.0","Anjo-san and the Manga Cafe","2018-11-01 23:47:21","14"
"1808","42","4.5","Thunder","2023-05-28 08:58:53","4"
"1809","42","5.0","Anjo-san's Shopping","2018-11-02 03:41:46","13"
"1810","42","6.0","Anjou-san is Busy","2018-11-03 02:35:54","12"
"1811","42","6.5","Nyanko","2018-11-03 17:49:08","2"
"1812","42","7.0","Within Anjou-san's Chest","2018-11-03 17:49:30","12"
"1813","42","8.0","Anjou-san Won't Let Go","2018-11-04 03:56:56","11"
"1814","42","8.5","Accomplice","2018-11-04 03:57:14","2"
"1815","42","9.0","Anjou-san Wants to Comfort","2018-11-04 14:28:18","12"
"1816","42","10.0","Anjou-san and First Aid Training","2018-11-05 17:14:34","12"
"1817","42","11.0","Anjou-san's Reward","2018-11-06 13:06:15","12"
"1818","42","12.0","Anjou-san Doesn't Want to Study","2018-11-07 15:55:57","10"
"1819","42","13.0","Anjou-san Wants to Nurse","2018-11-08 15:25:04","11"
"1820","42","14.0","Anjou-san and Seto-kun","2018-11-09 14:19:54","11"
"1821","42","15.0","Anjou-san Wants to Misbehave","2018-11-10 13:52:50","12"
"1822","42","16.0","Anjou-san Wants to Play at Night","2018-11-11 05:00:48","12"
"1823","42","17.0","Anjou-san Wants to Help","2018-11-17 16:07:19","10"
"1824","42","18.0","Anjou-san Wants Him to Stay Over","2018-11-17 16:07:36","12"
"1825","42","19.0","Anjou-san Wants to Play in the Water","2018-11-18 04:09:56","12"
"1826","42","20.0","Anjou-san's Training","2018-11-19 03:42:19","11"
"1827","42","21.0","Anjou-san the Coordinator","2018-11-19 18:49:26","12"
"1828","42","22.0","Anjou-san's Prey","2018-11-20 05:34:58","11"
"1829","42","23.0","Anjou-san and Co's Summer Break","2018-11-20 07:35:59","11"
"1830","42","24.0","Anjou-san Wants to Go on a Summer Festival Date","2018-11-20 09:41:19","12"
"1831","42","25.0","Looking for Anjou-san's Cat","2018-11-21 12:54:26","12"
"1832","42","26.0","Anjou-san and Masamune","2018-11-21 12:54:41","12"
"1833","42","27.0","Cool Beauty Toyoda-san","2018-11-21 12:55:00","12"
"1834","42","28.0","Anjou-san and Seto-kun's Written Apologies","2018-11-21 12:55:22","12"
"1835","42","28.5","Pixiv Extra 1","2019-02-14 10:59:48","5"
"1836","42","29.0","Anjou-san Likes Frappés","2019-06-16 06:56:21","14"
"1837","42","29.0","Anjou-San Loves Frappe","2019-02-13 03:35:12","16"
"1838","42","30.0","Toyoda-san and Cream Soda","2020-05-30 15:02:01","14"
"1839","42","30.0","Toyoda-San and Cream Soda","2019-02-16 04:04:01","14"
"1840","42","31.0","Anjou-San Doesn't Like Scary Things!?","2019-02-20 12:21:51","14"
"1841","42","31.0","Anjou-san doesn't like Scary Things!?","2020-06-05 03:33:51","14"
"1842","42","31.5","Curse You","2019-03-08 10:25:58","5"
"1843","42","31.5","Omake: Curse You","2020-07-02 12:51:03","3"
"1844","42","32.0","Anjou-San Is A Cultural Festival Committee Member Too","2019-03-15 08:41:49","13"
"1845","42","32.0","Anjou-san is a Cultural Festival Committee Member too","2020-08-06 14:00:08","12"
"1846","42","33.0","Anjou-san and the Karaoke Crash Course","2019-04-05 06:55:20","14"
"1847","42","33.0","Anjou-san and Karaoke Crash Course","2020-09-19 10:28:19","12"
"1848","42","34.0","Anjou-San Hurts Her Leg","2019-04-24 04:40:27","12"
"1849","42","34.0","Anjou-san hurts her leg","2020-11-05 10:08:18","13"
"1850","42","34.5","Omake: Key Searching","2020-11-14 08:50:11","3"
"1851","42","35.0","Anjou-san’s Injury Makeup Lecture","2019-05-09 03:42:19","13"
"1852","42","35.0","Anjou-san's Injury Makeup Lecture","2021-02-03 18:05:39","13"
"1853","42","36.0","Anjou-san and The Night Before the Cultural","2019-05-18 21:34:01","12"
"1854","42","36.0","Anjou-san and The Night Before Cultural Festival","2021-03-16 12:48:40","12"
"1855","42","36.5","Sample Perfume","2019-05-26 10:26:11","4"
"1856","42","37.0","Toyoda-san and Inuyama-kun’s Cultural Festival","2019-05-27 20:53:40","13"
"1857","42","37.0","Toyoda-san and Inuyama-kun's Cultural Festival","2019-05-26 08:32:52","12"
"1858","42","38.0","Anjou-san and the Cultural Festival","2019-06-03 07:29:23","13"
"1859","42","38.0","Anjou-San and The Cultural Festival","2019-05-29 11:04:02","13"
"1860","42","39.0","Anjou-san and the Best Couple Contest","2019-05-31 03:38:48","16"
"1861","42","39.0","Anjou-san and the Best Couple Contest","2019-06-15 21:08:30","12"
"1862","42","40.0","A Little Pouting Anjou-san","2019-06-22 17:18:56","13"
"1863","42","40.0","A Slightly Upset Anjou-san","2019-05-31 09:32:46","13"
"1864","42","41.0","Anjou-san Wants to Line Up With Seto-kun","2019-06-22 17:19:15","3"
"1865","42","41.0","Anjou-san Wants to Wait in Line with Seto-kun","2019-06-05 09:49:38","12"
"1866","42","42.0","Seto-kun Sits Next to Anjou-san","2019-06-09 07:30:43","14"
"1867","42","42.0","Seto-kun Sits With Anjou-san","2019-07-10 02:24:25","13"
"1868","42","43.0","Anjou-san Wants Ramen","2019-06-24 07:51:37","14"
"1869","42","44.0","Anjou-san Wants to Go To the Arcade","2019-07-08 02:14:49","12"
"1870","42","45.0","Anjou-san Wants to Make Something Yummy","2019-07-11 01:46:33","12"
"1871","42","46.0","Anjou-san is Lonely","2019-07-15 02:44:28","14"
"1872","42","47.0","Toyoda-san is Bad at Science","2019-08-10 05:53:17","14"
"1873","42","48.0","The Seto-kun That Anjou-san Doesn't Know","2019-08-15 13:50:37","17"
"1874","42","49.0","Anjou-san Wants to Go Bowling","2019-09-14 04:33:33","14"
"1875","42","50.0","Anjou-san Likes Massages","2019-10-18 05:10:25","14"
"1876","42","51.0","I Don't Get Chita-san","2019-12-11 12:17:05","12"
"1877","42","52.0","Anjou-san Has Been Sleepy Lately","2019-12-13 10:31:44","15"
"1878","42","53.0","Anjou-san Wants to Take Over the World","2020-02-06 03:57:50","15"
"1879","42","53.0","Anjou wants to Dominate the World","2020-02-04 23:28:47","15"
"1880","42","53.0","Anjou-san wants to Conquer the World","2020-02-05 01:04:34","16"
"1881","42","54.0","Every Day With Anjou-san is Amazing","2020-02-07 08:35:28","15"
"1882","42","54.0","With Anjou-san, everyday shines brightly","2020-02-05 02:04:38","15"
"1883","42","55.0","Anjou-san Wants to Play Catch","2020-02-10 13:21:06","13"
"1884","42","56.0","Anjou-san Isn't Cold","2020-02-23 09:51:45","12"
"1885","42","57.0","Toda Wants to Enter the Competition","2020-03-16 11:48:33","12"
"1886","42","57.0","Toyoda-san Wants to Enter the Contest","2020-03-17 10:17:51","12"
"1887","42","58.0","Toyoda-san Can't Enter the Contest","2020-03-18 15:02:09","16"
"1888","42","58.0","Toda-san can't enter the competition","2020-03-16 14:51:16","16"
"1889","42","59.0","Toyoda-san is Shy","2020-03-28 07:02:18","15"
"1890","42","59.0","Toyada-san is shy","2020-03-16 14:55:14","15"
"1891","42","60.0","Anjou-san Likes Christmas","2020-03-30 12:42:35","11"
"1892","42","61.0","Anjou-san Can't Speak Formally","2020-04-01 11:34:24","12"
"1893","42","62.0","Ms. Komaki and Seto-kun","2020-04-07 16:17:43","15"
"1894","42","63.0","Do Your Best at the Contest, Toyoda-san","2020-04-23 10:30:47","20"
"1895","42","64.0","Everyone's Christmas","2020-05-01 15:43:35","13"
"1896","42","65.0","Anjou-san wants to enjoy Christmas","2020-04-06 04:48:09","15"
"1897","43","1.0","Trapped in an Another World","2018-01-24 02:32:52","48"
"1898","43","2.0","The Beginning of Hell","2018-01-24 02:35:40","29"
"1899","43","3.0","The Harsness of Lyngle's Darkness","2018-01-24 02:37:08","33"
"1900","43","4.0","Decisive Battle! Healer VS Giant Monster","2018-01-24 02:39:13","35"
"1901","43","5.0","Usata, Member of Rescue Squad","2018-01-24 02:40:37","25"
"1902","43","6.0","Imminent Crisis","2018-01-24 02:41:39","25"
"1903","43","7.0","Chapter 7.0","2018-01-24 02:42:44","38"
"1904","43","8.0","Chapter 8.0","2018-01-24 02:44:49","29"
"1905","43","9.0","Cacti","2018-02-05 11:34:35","35"
"1906","43","10.0","Chapter 10.0","2018-04-02 21:59:54","40"
"1907","43","11.0","Chapter 11.0","2018-05-11 16:20:15","41"
"1908","43","12.0","Chapter 12.0","2018-07-20 03:38:18","30"
"1909","43","13.0","Chapter 13.0","2018-10-06 05:33:16","37"
"1910","43","14.0","Chapter 14.0","2018-12-06 13:31:10","44"
"1911","43","15.0","Chapter 15.0","2019-02-06 23:13:12","37"
"1912","43","16.0","Chapter 16.0","2019-04-08 00:11:09","36"
"1913","43","17.0","Chapter 17.0","2019-04-08 00:11:42","37"
"1914","43","18.1","Chapter 18.1","2019-04-08 00:12:02","19"
"1915","43","18.2","Chapter 18.2","2019-04-08 00:12:32","23"
"1916","43","19.0","Chapter 19.0","2019-04-08 00:12:53","35"
"1917","43","20.0","Chapter 20.0","2019-06-03 21:33:28","35"
"1918","43","21.0","Chapter 21.0","2019-06-07 00:21:08","38"
"1919","43","22.0","Chapter 22.0","2019-07-10 01:40:39","25"
"1920","43","22.5","Chapter 22.5","2019-07-20 21:25:18","9"
"1921","43","23.0","Chapter 23.0","2019-08-18 19:18:19","39"
"1922","43","24.0","Chapter 24.0","2019-11-23 23:08:13","35"
"1923","43","25.0","Chapter 25.0","2019-12-12 04:04:07","38"
"1924","43","26.0","Chapter 26.0","2020-02-01 22:40:17","46"
"1925","43","27.1","Chapter 27.1","2020-02-01 22:40:49","28"
"1926","43","27.2","Chapter 27.2","2020-02-01 22:41:25","35"
"1927","43","28.0","Chapter 28.0","2020-03-01 23:27:45","41"
"1928","43","29.1","Chapter 29.1","2020-03-01 23:28:15","28"
"1929","43","29.2","Chapter 29.2","2020-04-12 18:28:46","27"
"1930","43","30.0","Chapter 30.0","2020-04-12 18:29:33","41"
"1931","43","31.0","Chapter 31.0","2020-06-04 16:36:21","29"
"1932","43","32.0","Chapter 32.0","2020-07-03 04:56:58","33"
"1933","43","33.0","Chapter 33.0","2020-08-15 23:23:25","39"
"1934","43","34.0","Chapter 34.0","2020-09-18 21:55:44","31"
"1935","43","35.0","Chapter 35.0","2020-12-25 22:28:39","44"
"1936","43","35.0","Chapter 35.0","2020-12-31 18:02:28","45"
"1937","43","35.5","Chapter 35.5","2020-12-31 18:04:55","17"
"1938","43","36.0","Chapter 36.0","2020-12-31 18:07:27","43"
"1939","43","37.0","Chapter 37.0","2020-12-31 18:09:26","35"
"1940","43","38.0","Chapter 38.0","2020-12-31 18:11:42","40"
"1941","43","39.1","Chapter 39.1","2021-01-29 16:02:21","30"
"1942","43","39.2","Chapter 39.2","2021-03-02 21:59:06","21"
"1943","43","40.0","Chapter 40.0","2021-07-07 17:17:42","42"
"1944","43","41.0","Chapter 41.0","2021-07-07 17:19:28","31"
"1945","43","42.0","Chapter 42.0","2021-07-07 17:21:26","41"
"1946","43","43.0","Chapter 43.0","2021-08-18 18:33:31","40"
"1947","43","44.0","Chapter 44.0","2021-11-03 19:14:26","55"
"1948","43","45.0","Chapter 45.0","2021-12-23 23:33:36","40"
"1949","43","46.0","Chapter 46.0","2022-03-04 02:58:12","33"
"1950","43","47.0","Chapter 47.0","2022-03-12 21:26:14","41"
"1951","43","48.0","Chapter 48.0","2022-03-23 19:18:48","33"
"1952","43","49.0","Chapter 49.0","2022-03-28 20:26:48","46"
"1953","43","50.0","Chapter 50.0","2022-05-02 17:02:11","50"
"1954","43","51.0","Chapter 51.0","2022-06-27 16:48:44","38"
"1955","43","52.0","Chapter 52.0","2022-08-08 18:57:37","31"
"1956","43","53.0","Chapter 53.0","2022-09-03 16:32:35","43"
"1957","43","54.0","Chapter 54.0","2022-10-07 19:17:30","38"
"1958","43","55.0","Chapter 55.0","2022-10-26 02:46:46","37"
"1959","43","56.0","Chapter 56.0","2022-12-05 14:26:43","35"
"1960","43","57.0","Chapter 57.0","2023-01-11 19:18:01","37"
"1961","43","58.0","Chapter 58.0","2023-03-01 14:40:16","38"
"1962","43","59.0","Chapter 59.0","2023-04-18 19:58:45","45"
"1963","43","60.0","Chapter 60.0","2023-04-18 20:00:38","50"
"1964","43","61.0","Chapter 61.0","2023-06-22 15:06:13","31"
"1965","43","62.0","Chapter 62.0","2023-07-27 15:06:13","52"
"1966","43","63.0","Chapter 63.0","2023-09-07 16:49:45","27"
"1967","43","64.0","Chapter 64.0","2023-11-02 18:45:33","41"
"1968","43","65.0","Chapter 65.0","2023-12-20 17:23:31","53"
"1969","43","66.1","Chapter 66.1","2023-12-31 17:39:45","17"
"1970","43","66.2","Chapter 66.2","2023-12-31 17:41:46","21"
"1971","43","67.0","Chapter 67.0","2023-12-31 17:42:59","43"
"1972","43","68.0","Chapter 68.0","2024-02-04 19:03:45","51"
"1973","43","69.0","Chapter 69.0","2024-03-11 19:27:18","44"
"1974","43","70.0","Chapter 70.0","2024-04-19 15:38:28","33"
"1975","43","71.1","Chapter 71.1","2024-06-04 15:39:38","26"
"1976","43","71.2","Chapter 71.2","2024-07-18 16:58:57","27"
"1977","43","72.0","Chapter 72.0","2024-08-13 16:04:05","38"
"1978","43","73.0","Chapter 73.0","2024-09-27 21:24:19","48"
"1979","43","74.0","Chapter 74.0","2024-11-22 21:52:13","31"
"1980","43","75.0","Chapter 75.0","2025-01-01 02:29:07","31"
"1981","43","76.0","Chapter 76.0","2025-02-19 14:05:16","45"
"1982","43","77.0","Chapter 77.0","2025-04-17 16:45:47","37"
"1983","43","78.0","Chapter 78.0","2025-07-30 13:02:54","36"
"1984","43","79.0","Chapter 79.0","2025-07-30 13:06:01","20"
"1985","43","80.0","Chapter 80.0","2025-07-31 03:34:30","28"
"1986","43","81.0","Chapter 81.0","2025-08-01 08:05:07","34"
"1987","43","82.0","Chapter 82.0","2025-08-05 03:46:45","40"
"1988","43","83.1","Chapter 83.1","2025-08-26 13:36:53","34"
"1989","43","83.2","Chapter 83.2","2025-09-28 19:17:34","36"
"1990","43","84.0","Chapter 84.0","2025-11-11 05:38:40","33"
"1991","43","85.0","Chapter 85.0","2026-01-17 20:19:33","42"
"1992","43","86.1","Chapter 86.1","2026-02-17 21:10:49","29"
"1993","45","1.0","Why was I transported to another world now?","2019-02-04 12:20:02","17"
"1994","45","2.0","Only Bad Skills!? And Twice as Many","2019-08-21 17:20:04","14"
"1995","45","3.0","Is It Just My Imagination, or Has This Become Survival in Another World","2019-09-03 18:39:54","17"
"1996","45","4.0","The Other World is Too Straightforward!","2019-09-10 17:51:40","15"
"1997","45","5.0","It Seems my Hikikomori Environment is at Risk of Being Polluted...","2019-09-17 20:01:51","16"
"1998","45","6.0","Just What is a Geek?","2019-09-25 19:06:01","14"
"1999","45","7.0","How Long Has It Been Since I've Spoken to Anyone?","2019-10-06 17:48:33","17"
"2000","45","8.0","So, This is the Power of the 'Exclamation Mark'!!!!!!","2019-10-13 20:46:12","15"
"2001","45","9.0","Chapter 9.0","2019-10-19 16:51:09","15"
"2002","45","10.0","Chapter 10.0","2019-10-22 20:06:41","14"
"2003","45","11.0","Chapter 11.0","2019-10-31 17:31:14","15"
"2004","45","12.0","Chapter 12.0","2019-11-11 17:10:34","19"
"2005","45","13.0","Chapter 13.0","2019-11-17 19:33:32","18"
"2006","45","14.0","Chapter 14.0","2019-12-02 18:34:53","14"
"2007","45","15.0","Chapter 15.0","2019-12-07 17:55:45","14"
"2008","45","16.0","Chapter 16.0","2019-12-21 18:33:43","15"
"2009","45","17.0","Chapter 17.0","2019-12-24 17:56:45","13"
"2010","45","18.0","Chapter 18.0","2020-01-07 19:59:10","16"
"2011","45","19.0","Chapter 19.0","2020-01-30 20:22:55","15"
"2012","45","20.0","Chapter 20.0","2020-02-04 19:46:02","14"
"2013","45","21.0","Chapter 21.0","2020-02-28 20:33:30","14"
"2014","45","22.0","Chapter 22.0","2020-04-01 21:52:49","13"
"2015","45","23.0","We Have No Other Choice But To Hunt Otaku","2020-05-19 20:15:50","14"
"2016","45","24.0","Heh, Me? Jobless.","2020-06-23 20:41:28","18"
"2017","45","25.0","Oh, It Seems The Lady Said Something!","2020-06-30 20:43:36","17"
"2018","45","26.0","I Was More Of An Idiot Myself, Than The Idiots","2020-07-08 19:42:26","14"
"2019","45","27.0","Sorry For Being Idiots","2020-07-12 19:48:02","14"
"2020","45","28.0","It's Not Hard, Practice!","2020-07-15 20:27:42","16"
"2021","45","29.0","The [Truth and Lie] Skill","2020-07-19 19:52:35","14"
"2022","45","30.0","Today Is The Worst Day","2020-07-23 19:50:14","14"
"2023","45","31.0","There's No End? A Continuous Strike!","2020-08-07 19:57:25","16"
"2024","45","32.0","[Copycat] Skill","2020-08-16 20:44:39","14"
"2025","45","33.0","Bad Mood and Discontent","2020-08-24 20:44:52","14"
"2026","45","34.0","The Leftover Skills","2020-08-29 19:13:43","13"
"2027","45","35.0","Am I Not The Protagonist?","2020-09-06 19:25:56","18"
"2028","45","36.0","It Ended Up In An Uproar","2020-09-08 19:12:14","13"
"2029","45","37.0","A Deep-Rooted Feeling","2020-09-15 21:16:14","18"
"2030","45","38.0","Why Am I Being Left Out?","2020-09-20 18:48:30","16"
"2031","45","39.0","I Was Careless, I Was Thoughtless","2020-10-25 21:12:59","14"
"2032","45","40.0","The Door of Demise","2020-10-26 15:55:24","14"
"2033","45","41.0","Lich, Dullahan, Immortal King","2020-11-17 20:39:36","14"
"2034","45","42.0","Foreseeing a little bit of the Future","2020-11-20 15:41:24","14"
"2035","45","43.0","Curse","2020-12-31 20:44:56","15"
"2036","45","44.0","A Loner Friend?","2020-12-31 20:45:58","14"
"2037","45","45.0","Cheat power that's not losing to Prez","2021-01-01 18:02:14","13"
"2038","45","46.0","The Ruthless Armor Prez","2021-01-02 19:08:36","13"
"2039","45","47.0","The Cheat Classmates","2021-01-03 22:05:19","14"
"2040","45","48.0","Stampede","2021-01-04 18:52:25","16"
"2041","45","49.0","I feel like I'll be the one who's gonna get turned into Sashimi!","2021-01-06 18:44:04","18"
"2042","45","50.0","I want to eat a Fish","2021-01-07 20:23:17","15"
"2043","45","51.0","Beating the intense heat with [Wind Magic]","2021-01-09 20:32:22","15"
"2044","45","52.0","A fluffy Owl and a fluffy Sleep?","2021-01-09 20:33:53","17"
"2045","45","53.0","Once again, just like usual","2021-01-14 17:39:26","16"
"2046","45","54.0","A person capable of reigning over the emperor","2021-01-14 17:43:07","16"
"2047","45","55.0","A city that used to be the poorest city","2021-01-14 17:46:35","15"
"2048","45","56.0","Outlet Sale Madness","2021-01-18 15:51:22","15"
"2049","45","56.0","Crazy outlet sale","2021-01-18 14:48:56","14"
"2050","45","57.0","Skeleton...?","2021-01-18 15:52:23","15"
"2051","45","57.0","Skeleton...?","2021-01-18 14:50:32","14"
"2052","45","58.0","Teleport Skill","2021-01-19 08:41:16","15"
"2053","45","59.0","I'm back, Oh my home","2021-01-19 15:11:45","17"
"2054","45","60.0","My [Thinking Capability] has stopped","2021-01-20 17:18:40","15"
"2055","45","61.0","A Dream, An Adventure , An Ideal and A big money strategy!","2021-01-30 21:56:01","18"
"2056","45","62.0","The New Dungeon","2021-02-04 17:55:29","17"
"2057","45","63.0","Scythe Demon? Demon Scythe?","2021-02-06 19:36:15","17"
"2058","45","64.0","Demon Ring","2021-02-10 17:00:52","18"
"2059","45","65.0","The Labyrinth King's Ring","2021-02-13 22:13:02","15"
"2060","45","66.0","A wall for the village and A garden for my beloved home!","2021-02-13 22:13:08","15"
"2061","45","67.0","Something she wants to convey","2021-02-13 22:13:15","15"
"2062","45","68.0","Someone to Protect","2021-02-28 22:59:42","15"
"2063","45","69.0","Angelica","2021-02-28 22:59:54","17"
"2064","45","70.0","It's only a building with earth and stone walls you know?","2021-02-28 22:59:54","13"
"2065","45","71.0","Becoming a Member of the Class","2021-03-15 16:56:02","18"
"2066","45","72.0","Narrogi Clan","2021-07-10 14:15:06","13"
"2067","45","73.0","Invisible","2021-07-13 04:00:46","19"
"2068","45","74.0","A Painful Loner Who Talks to Himself?!","2021-07-13 04:02:02","15"
"2069","45","75.0","I Got Thrown Out, So I'm Just Gonna Hold a Meeting Alone","2021-07-13 04:03:02","17"
"2070","45","76.0","The Forbidden Book","2021-07-13 04:04:17","15"
"2071","45","77.0","The Golem Labyrinth","2021-07-13 04:05:31","15"
"2072","45","78.0","Tearing Off The Mithril","2021-07-13 04:06:36","15"
"2073","45","79.0","Golem Maker Ring","2021-07-13 04:07:40","15"
"2074","45","80.0","It's no Longer Someone Else's Business","2021-07-13 04:08:59","18"
"2075","45","81.0","In Order to Protect a Girl","2021-07-13 04:10:01","16"
"2076","45","82.0","The Top Breed of Orcs?","2021-07-13 04:11:09","15"
"2077","45","83.0","A Straight Road to a Decisive Battle","2021-07-13 04:12:25","15"
"2078","45","84.0","With This.... A Moment of Peace?","2021-07-13 04:14:04","15"
"2079","45","85.0","Leave the Politics to the Feudal Lord?","2021-07-13 04:15:26","15"
"2080","45","86.0","The Ideal of a Highschool Boy?","2021-07-13 04:16:31","19"
"2081","45","87.0","Insect Dungeon","2021-07-13 04:17:38","16"
"2082","45","88.0","Do You Really Need to Cheat to Win?","2021-07-13 04:18:43","17"
"2083","45","89.0","Arent the Traps Set by those Cheaters a bit too Scary...?","2021-07-13 04:19:52","18"
"2084","45","90.0","It's not really Righteous, But I'm Serious, You Know?","2021-07-13 04:21:19","17"
"2085","45","91.0","The Most Intense Preaching?","2021-07-13 04:22:14","18"
"2086","45","92.0","An Enticing Alchemist?","2021-07-17 02:36:46","17"
"2087","45","93.0","New City Planning for Omui","2021-08-24 01:56:59","17"
"2088","45","94.0","The Strongest Labyrinth King","2021-08-24 02:01:43","16"
"2089","46","57.0"," Ideals and Reality (1)","2025-03-28 17:21:33","14"
"2090","46","58.0","Ideals and Reality (2)","2025-04-25 18:54:21","19"
"2091","47","1.0","Let's Satisfy the World's \"Hunger\" With Ultimate Skills!!","2018-01-27 08:56:31","47"
"2092","47","1.0","Chapter 1.0","2023-08-26 19:01:58","0"
"2093","47","2.0","Chapter 2.0","2018-01-27 08:58:16","28"
"2094","47","3.0","Chapter 3.0","2018-01-27 09:00:28","28"
"2095","47","4.0","Stock Up Then Sign Up for the Merchants' Guild","2018-01-27 09:01:16","32"
"2096","47","5.0","Chapter 5.0","2018-01-27 09:10:32","29"
"2097","47","6.0","Chapter 6.0","2018-01-27 09:03:13","26"
"2098","47","6.0","Chapter 6.0","2023-09-10 17:16:46","0"
"2099","47","7.0","Chapter 7.0","2018-01-27 09:06:43","28"
"2100","47","8.0","To Remember Magic Spells, I Have To Face Terrifying Foes...","2018-01-27 10:30:22","32"
"2101","47","9.0","We Got a World Map, But...","2018-01-27 10:30:35","29"
"2102","47","10.0","Attracted by the Smell of Fish, a New Demon Appears","2018-03-14 18:18:32","28"
"2103","47","11.0","A Goddess Who Loves To Taste Sweet from Other Worlds","2018-04-15 17:55:33","26"
"2104","47","12.0","Feru-San's Food Camp -~Preparation Chapter~","2018-06-26 17:37:18","22"
"2105","47","13.0","Fel-san's Food Camp ~Exploration Chapter~","2018-07-09 18:09:16","31"
"2106","47","14.0","I Was Brought to a Forest with Boss-level Magic Beasts","2018-08-14 18:43:29","24"
"2107","47","15.0","Unexpected Discovery Deep in the Forest","2018-11-17 18:02:37","22"
"2108","47","16.0","Meeting the Second Boss Character","2018-11-30 20:32:10","27"
"2109","47","17.0","Finally, Out of the Forest","2018-12-31 19:38:32","29"
"2110","47","17.0","Chapter 17.0","2023-09-10 17:17:51","0"
"2111","47","18.0","Arriving in the City of Calerina","2019-01-27 16:46:20","25"
"2112","47","19.0","Questing At The Adventure's Guild","2019-03-11 19:26:13","27"
"2113","47","20.0","The Guild Master's Request","2019-04-09 18:28:17","25"
"2114","47","21.0","Lambert-San's Store","2019-05-07 18:04:35","18"
"2115","47","22.0","On the Adventurer's Quest, a Hunt","2019-05-16 17:13:36","24"
"2116","47","23.0","Chapter 23.0","2023-09-10 17:17:52","0"
"2117","47","23.0","Appetite over Money","2019-08-11 12:51:18","23"
"2118","47","23.0","An appetite worth more than gold","2019-08-10 18:28:58","21"
"2119","47","24.0","Even More Noisy Goddesses","2019-08-15 18:12:21","24"
"2120","47","25.0","Trying Out New Power","2019-09-13 18:17:42","25"
"2121","47","25.0","Trying Out New Power","2019-09-13 19:54:09","23"
"2122","47","26.0","Trying Out New Cookware","2019-10-04 19:13:43","26"
"2123","47","27.0","New Business With the Wife","2019-11-06 19:05:09","28"
"2124","47","28.0","The Crisis Looming Over Calerina","2020-01-31 17:14:18","26"
"2125","47","29.0","Chapter 29.0","2023-09-10 17:17:54","0"
"2126","47","29.0","Wyvern","2020-02-13 18:04:13","30"
"2127","47","29.5","After the Wyvern Invasion","2020-03-12 19:24:09","7"
"2128","47","30.0","Making a Big Purchase","2020-04-19 19:33:50","22"
"2129","47","31.0","What a Nice Bath","2020-08-26 20:31:41","22"
"2130","47","32.0","Before a Meal....","2020-08-27 21:45:53","28"
"2131","47","33.0","Consultation At The Guild","2020-09-17 21:29:15","23"
"2132","47","34.0","Departure","2020-11-09 05:48:41","21"
"2133","47","35.0","Chapter 35.0","2023-09-10 17:17:57","0"
"2134","47","35.0","The Claire Forest","2020-11-09 17:31:06","19"
"2135","47","36.0","Pixie Dragon","2020-12-07 19:31:42","25"
"2136","47","36.0","Pixie Dragon","2020-12-07 01:43:52","23"
"2137","47","37.0","Shopping Fun","2021-01-18 12:40:42","25"
"2138","47","37.0","Fun Shopping","2021-01-13 02:59:40","22"
"2139","47","38.0","Is THAT thing's meat good?","2021-02-13 19:46:03","23"
"2140","47","39.0","Doran's Guildmaster","2021-02-28 18:46:59","21"
"2141","47","40.0","Dismantling","2021-03-17 21:53:54","25"
"2142","47","41.0","The Male Gods Appear","2021-07-11 09:39:34","25"
"2143","47","41.0","Chapter 41.0","2023-09-10 17:18:00","0"
"2144","47","42.0","The Feast We've Been Waiting For","2021-08-03 07:18:26","29"
"2145","47","42.0","The Long-Awaited Feast","2021-07-10 21:35:50","26"
"2146","47","43.0","Entering the Dungeon","2021-08-03 07:19:03","27"
"2147","47","44.0","Dungeon Treasure Chests Are...","2021-08-25 23:39:36","23"
"2148","47","45.0","Desert Floor","2021-10-03 00:14:19","23"
"2149","47","46.0","The Dungeon's Master","2021-11-16 22:23:07","22"
"2150","47","47.0","Chapter 47.0","2023-09-10 17:18:00","0"
"2151","47","47.0","Clear Rewards","2022-01-13 02:11:25","21"
"2152","47","48.0","Tenet","2022-03-04 16:32:26","20"
"2153","47","49.1","Ugor-san","2022-04-13 20:45:40","13"
"2154","47","49.2","Chapter 49.2","2022-04-13 20:45:57","13"
"2155","47","50.0","Phantom Jewels","2022-05-10 17:10:03","23"
"2156","47","51.0","Daryl and Iris","2022-05-26 20:39:20","21"
"2157","47","52.1","The First Opportunity","2022-06-25 18:08:59","13"
"2158","47","52.2","Chapter 52.2","2022-07-03 17:14:12","13"
"2159","47","53.2","Chapter 53.2","2022-12-05 19:18:51","11"
"2160","47","54.0","Berleand, a Town by the Sea","2025-02-27 20:28:50","0"
"2161","47","54.1","The City of the Sea, Berlean","2023-02-10 17:14:58","13"
"2162","47","54.2","Chapter 54.2","2023-03-06 23:11:21","13"
"2163","47","55.1","Clash of Legendary Beasts","2023-03-28 21:17:48","13"
"2164","47","55.2","Chapter 55.2","2023-04-26 20:16:11","13"
"2165","47","56.1","Festival for a Big Haul","2023-06-02 16:16:13","13"
"2166","47","56.2","Chapter 56.2","2023-06-23 16:21:46","14"
"2167","47","57.1","Enticing Morning Market","2023-08-19 17:43:53","13"
"2168","47","57.2","Chapter 57.2","2023-09-05 18:10:42","13"
"2169","47","58.1","Seaside Memories","2023-10-21 18:31:40","14"
"2170","47","58.2","Chapter 58.2","2023-11-22 23:06:57","14"
"2171","47","59.1","The Japanese Spirit","2024-01-17 22:08:23","13"
"2172","47","59.2","Chapter 59.2","2024-02-06 23:38:04","13"
"2173","47","60.1","Red Dragon","2025-06-26 15:08:44","15"
"2174","47","60.2","Chapter 60.2","2025-05-08 04:15:09","15"
"2175","47","61.1","Dragon Hysteria","2025-06-26 15:11:16","14"
"2176","47","61.2","Chapter 61.2","2025-06-27 12:14:34","16"
"2177","47","62.1","Party & Party","2025-07-12 17:14:15","16"
"2178","47","62.2","Chapter 62.2","2025-07-13 18:04:39","15"
"2179","47","63.1","The Search for the Red Dragon","2025-08-01 16:13:03","15"
"2180","47","63.2","Chapter 63.2","2025-08-03 18:28:37","12"
"2181","47","64.1","The Fragrant Dungeon","2026-01-18 11:09:11","13"
"2182","47","64.2","Chapter 64.2","2026-01-18 11:12:13","15"
"2183","47","65.0","A Stray Elf","2026-03-26 23:12:49","30"
"2184","48","1.0","Chapter 1.0","2023-08-26 19:50:52","0"
"2185","48","1.0","Chapter 1.0","2018-07-17 17:44:17","17"
"2186","48","1.2","Chapter 1.2","2018-08-22 17:31:51","18"
"2187","48","2.1","Chapter 2.1","2018-09-25 18:19:53","10"
"2188","48","2.2","Chapter 2.2","2018-09-25 18:21:05","10"
"2189","48","3.0","Chapter 3.0","2018-10-31 19:20:49","20"
"2190","48","4.1","Chapter 4.1","2018-11-26 19:46:19","17"
"2191","48","4.2","Chapter 4.2","2018-11-29 19:01:21","17"
"2192","48","5.1","Chapter 5.1","2018-12-09 17:26:18","12"
"2193","48","5.2","Chapter 5.2","2019-03-04 16:53:34","14"
"2194","48","6.1","Chapter 6.1","2019-04-08 17:54:43","13"
"2195","48","6.2","Chapter 6.2","2019-04-11 18:57:37","11"
"2196","48","7.1","Chapter 7.1","2019-04-16 18:26:18","13"
"2197","48","7.2","Chapter 7.2","2019-04-29 17:56:54","12"
"2198","48","8.0","Chapter 8.0","2023-09-10 17:28:25","0"
"2199","48","8.1","Chapter 8.1","2019-07-02 17:11:10","15"
"2200","48","8.2","Chapter 8.2","2019-07-14 06:28:40","13"
"2201","48","9.0","Chapter 9.0","2019-07-15 18:24:13","23"
"2202","48","10.0","Chapter 10.0","2019-07-19 18:14:53","22"
"2203","48","10.0","Chapter 10.0","2019-07-18 18:25:54","23"
"2204","48","11.0","Chapter 11.0","2019-07-25 13:01:08","25"
"2205","48","11.0","Chapter 11.0","2019-07-25 18:19:41","26"
"2206","48","12.0","Chapter 12.0","2019-07-27 17:30:41","23"
"2207","48","13.0","Chapter 13.0","2019-07-31 12:05:44","22"
"2208","48","14.0","Chapter 14.0","2019-08-04 13:45:28","20"
"2209","48","15.0","Chapter 15.0","2019-08-11 18:53:35","25"
"2210","48","15.0","Chapter 15.0","2023-09-12 19:48:09","0"
"2211","48","16.0","Chapter 16.0","2019-09-07 17:46:04","26"
"2212","48","17.0","Chapter 17.0","2019-11-04 17:17:50","26"
"2213","48","18.0","Chapter 18.0","2019-11-15 19:33:54","23"
"2214","48","19.0","Chapter 19.0","2019-12-21 17:42:28","26"
"2215","48","20.0","Chapter 20.0","2020-01-12 18:15:01","26"
"2216","48","21.0","Chapter 21.0","2020-02-04 19:23:22","26"
"2217","48","22.0","Chapter 22.0","2024-01-20 12:47:28","0"
"2218","48","22.0","Chapter 22.0","2020-04-07 21:01:35","24"
"2219","48","23.1","Chapter 23.1","2020-06-15 20:13:51","16"
"2220","48","23.2","Chapter 23.2","2020-06-20 19:58:28","16"
"2221","48","24.0","Chapter 24.0","2020-07-15 20:19:28","25"
"2222","48","25.0","Chapter 25.0","2020-07-15 20:20:41","22"
"2223","48","26.0","Chapter 26.0","2020-07-31 18:38:42","24"
"2224","48","27.1","Chapter 27.1","2020-09-08 19:19:06","14"
"2225","48","27.2","Chapter 27.2","2020-09-10 20:33:10","14"
"2226","48","28.0","Chapter 28.0","2020-10-08 20:56:13","23"
"2227","48","29.0","Chapter 29.0","2020-11-14 00:12:37","21"
"2228","48","29.0","Chapter 29.0","2020-11-21 17:22:25","24"
"2229","48","29.0","Chapter 29.0","2024-03-01 22:31:18","0"
"2230","48","30.0","Chapter 30.0","2020-11-21 17:23:46","26"
"2231","48","31.0","Chapter 31.0","2020-11-21 17:25:07","24"
"2232","48","32.1","Chapter 32.1","2021-02-08 17:41:42","17"
"2233","48","32.2","Chapter 32.2","2021-02-09 20:57:21","13"
"2234","48","33.0","Chapter 33.0","2021-08-25 11:28:49","23"
"2235","48","34.0","Chapter 34.0","2021-08-25 11:29:22","24"
"2236","48","35.0","Chapter 35.0","2021-08-25 11:29:55","24"
"2237","48","36.0","Chapter 36.0","2024-04-27 21:13:01","0"
"2238","48","36.0","Chapter 36.0","2021-08-25 11:30:35","24"
"2239","48","37.0","Chapter 37.0","2021-09-19 04:37:58","25"
"2240","48","38.0","Chapter 38.0","2021-10-05 00:03:30","23"
"2241","48","39.0","Chapter 39.0","2021-11-04 22:28:03","23"
"2242","48","40.0","Chapter 40.0","2021-12-10 19:38:27","25"
"2243","48","41.0","Chapter 41.0","2022-03-10 19:12:24","25"
"2244","48","42.0","Chapter 42.0","2022-03-11 20:02:57","25"
"2245","48","43.0","Chapter 43.0","2022-04-25 21:22:43","24"
"2246","48","43.0","Chapter 43.0","2025-02-27 20:18:08","0"
"2247","48","44.0","Chapter 44.0","2022-05-08 17:04:33","25"
"2248","48","45.0","Chapter 45.0","2022-05-08 17:04:46","22"
"2249","48","46.0","Chapter 46.0","2022-05-09 16:51:46","25"
"2250","48","46.0","Chapter 46.0","2022-04-30 19:11:47","23"
"2251","48","47.0","Chapter 47.0","2022-05-11 22:26:52","24"
"2252","48","48.0","Chapter 48.0","2022-08-24 20:19:44","25"
"2253","48","49.0","Chapter 49.0","2022-09-16 20:09:45","25"
"2254","48","50.0","Chapter 50.0","2025-02-27 20:23:01","0"
"2255","48","53.1","Chapter 53.1","2022-11-06 17:37:30","12"
"2256","48","53.2","Chapter 53.2","2022-11-16 17:06:25","13"
"2257","48","54.2","Chapter 54.2","2022-12-09 22:02:04","13"
"2258","48","55.1","Chapter 55.1","2022-12-23 20:24:11","14"
"2259","48","55.2","Chapter 55.2","2023-01-16 18:22:36","12"
"2260","48","56.1","Chapter 56.1","2023-02-05 17:37:51","14"
"2261","48","56.2","Chapter 56.2","2023-02-27 17:15:11","13"
"2262","48","57.0","Chapter 57.0","2025-02-27 20:23:04","0"
"2263","48","57.1","Chapter 57.1","2023-03-04 16:51:53","13"
"2264","48","57.2","Chapter 57.2","2023-04-07 17:16:57","13"
"2265","48","58.1","Chapter 58.1","2023-04-11 20:13:35","14"
"2266","48","58.2","Chapter 58.2","2023-04-12 20:29:56","14"
"2267","48","59.1","Chapter 59.1","2023-04-28 18:08:17","13"
"2268","48","59.2","Chapter 59.2","2023-05-11 20:17:10","12"
"2269","48","60.1","Chapter 60.1","2023-06-09 16:23:58","14"
"2270","48","60.2","Chapter 60.2","2023-06-25 17:22:44","14"
"2271","48","61.1","Chapter 61.1","2023-07-05 16:19:31","15"
"2272","48","61.2","Chapter 61.2","2023-07-07 20:18:14","13"
"2273","48","62.1","Chapter 62.1","2023-07-22 16:49:31","12"
"2274","48","62.2","Chapter 62.2","2023-08-16 16:16:10","12"
"2275","48","63.1","Chapter 63.1","2023-08-17 17:18:20","13"
"2276","48","63.2","Chapter 63.2","2023-09-02 16:44:25","13"
"2277","48","64.0","Chapter 64.0","2025-02-27 20:23:06","0"
"2278","48","64.1","Chapter 64.1","2023-10-24 16:23:32","15"
"2279","48","64.2","Chapter 64.2","2023-11-27 17:26:22","13"
"2280","49","1.0","Ragnarok (1)","2021-11-16 17:24:47","0"
"2281","49","1.0","Gods vs Mankind's Final Struggle","2019-01-09 15:09:44","69"
"2282","49","1.0","Ragnarok","2021-12-09 23:35:00","0"
"2283","49","2.0","Ragnarok (2)","2021-11-16 17:26:00","0"
"2284","49","2.0","The Strongest God Vs The Strongest Human","2019-01-10 19:16:26","26"
"2285","49","2.0","Mightiest God vs. Mightiest Mortal","2021-12-09 23:35:04","0"
"2286","49","2.5","The Strongest God vs The Strongest Human (2)","2019-01-11 14:45:41","28"
"2287","49","3.0","Rivals","2021-12-09 23:35:08","0"
"2288","49","3.0","Rivals","2019-01-19 19:38:51","33"
"2289","49","4.0","13 Gods, 13 Mortals.","2019-01-30 23:14:19","30"
"2290","49","4.0","Thirteen Gods, Thirteen Mortals","2021-12-09 23:35:12","0"
"2291","49","5.0","Killer Blow","2019-02-13 08:39:17","34"
"2292","49","5.0","Finishing Move","2021-12-09 23:35:16","0"
"2293","49","6.0","Joy.","2019-02-22 16:46:21","35"
"2294","49","7.0","File No.00000000001","2019-03-03 16:09:12","36"
"2295","49","8.0","Beyond The Realm Of Possibility","2019-03-12 11:32:22","39"
"2296","49","9.0","A Magnificent Copy","2019-03-21 20:28:32","45"
"2297","49","10.0","Expelled From The Garden","2019-03-31 12:32:48","47"
"2298","49","11.0","Pervert","2019-04-06 11:39:59","34"
"2299","49","12.0","Overwhelming Love","2019-04-11 18:04:25","55"
"2300","49","13.0","Golden Age","2019-04-19 08:04:57","29"
"2301","49","14.0","Ruler Of The Seas","2019-04-24 22:25:00","28"
"2302","49","15.0","The Violent God That History Forgot","2019-05-01 16:01:17","41"
"2303","49","16.0","History's Greatest Loser","2019-05-10 06:33:09","43"
"2304","49","17.0","Secret Technique - Tsubame Gaeshi","2019-06-06 23:31:36","44"
"2305","49","18.0","The Truth Behind Ganryujima","2019-07-09 08:03:15","61"
"2306","49","19.0","The Swallow Gazes Into The Abyss","2019-08-04 22:00:31","54"
"2307","49","19.1","The Swallow Gazes Into The Abyss","2019-08-04 22:01:31","28"
"2308","49","20.0","Justice vs Evil","2019-08-24 11:28:14","57"
"2309","49","20.0","Justice Vs. Evil","2019-09-01 01:30:35","54"
"2310","49","21.0","The Essence Of A Gentleman","2019-10-01 19:56:48","47"
"2311","49","22.0","The Choice Of Heracles","2019-11-01 06:51:01","35"
"2312","49","23.0","God of Fortitude","2019-11-01 10:34:13","37"
"2313","49","23.5","Shuumatsu no Valkyrie x Inpachi-sensei","2019-10-26 12:02:20","14"
"2314","49","23.6","Early Designs (4)","2020-04-03 03:31:04","4"
"2315","49","24.0","12 Labours","2019-12-06 11:10:02","56"
"2316","49","25.0","Birth Of A Monster","2020-01-05 09:19:57","62"
"2317","49","26.0","Truth","2020-02-04 09:27:39","35"
"2318","49","27.0","Endless Love","2020-02-04 09:39:00","30"
"2319","49","28.0","The Final Labour","2020-03-05 19:52:49","57"
"2320","49","29.0","Looks Like I'm The Victor","2020-04-02 18:58:56","51"
"2321","49","29.0","Victory is Mine","2020-04-02 23:11:43","50"
"2322","49","30.0","Repose of the Soul","2020-05-02 08:39:59","39"
"2323","49","30.0","Eternal Slumber","2020-05-07 22:31:07","41"
"2324","49","31.0","Two Men, Unmatched.","2020-05-07 22:33:52","45"
"2325","49","31.0","Peerless Virility","2020-05-10 06:43:44","44"
"2326","49","32.0","Blow-for-Blow","2020-05-27 01:21:17","36"
"2327","49","32.0","First Exchange","2020-06-27 16:58:32","39"
"2328","49","32.0","Exchange","2020-05-26 11:18:12","36"
"2329","49","33.0","100 Seals","2020-06-26 22:44:41","60"
"2330","49","33.0","Hundred Gates","2020-08-24 15:25:08","62"
"2331","49","33.0","Hyakuhei","2020-06-27 09:19:39","61"
"2332","49","34.0","Conflict of Interest","2020-07-30 01:52:30","31"
"2333","49","34.0","Varying Expectations","2020-08-26 15:05:25","31"
"2334","49","35.0","Full Throttle VS Full Throttle","2020-09-29 07:55:30","44"
"2335","49","35.0","Full Throttle vs. Full Throttle","2020-08-03 03:48:04","44"
"2336","49","36.0","The Destroyer And The Tempest","2020-10-25 09:00:37","41"
"2337","49","36.0","Destruction and Storm","2020-09-06 09:19:02","39"
"2338","49","37.0","The Summit Of India","2020-09-29 14:17:18","54"
"2339","49","37.0","Svarga's Peak.","2020-10-27 05:10:54","56"
"2340","49","37.0","The Top Of India","2020-09-29 01:39:13","54"
"2341","49","37.5","Comic Zenon Issue 12 \"God vs. Man Fighters List Tenugui\" Promo","2020-10-21 03:47:38","12"
"2342","49","38.0","The Time Of Awakening (LR)","2020-10-29 13:47:22","42"
"2343","49","38.0","Time of Awakening","2021-11-14 21:22:05","41"
"2344","49","39.0","Forbidden Move (LR)","2020-11-30 03:10:53","69"
"2345","49","39.0","Forbidden Move","2021-11-14 21:40:54","68"
"2346","49","40.0","Resonance ","2021-11-15 00:10:20","37"
"2347","49","40.0","Resonance (LR)","2020-12-29 05:35:33","39"
"2348","49","41.0","Thank You (LR)","2020-12-30 20:59:58","43"
"2349","49","41.0","Thank You","2021-11-15 21:10:39","41"
"2350","49","42.0","On the Precipice","2021-01-28 09:59:17","30"
"2351","49","42.0","On the Precipice","2021-11-16 20:51:45","31"
"2352","49","43.0","Round 6","2021-11-17 21:01:40","43"
"2353","49","43.0","Round 6","2021-01-30 08:23:33","45"
"2354","49","44.0","Zero","2021-03-01 08:39:35","53"
"2355","49","44.0","Zero","2021-11-16 02:52:13","50"
"2356","49","45.0","Zero's Grief","2021-11-20 02:48:13","68"
"2357","49","45.0","Zero's Grief (LR)","2021-10-13 09:02:19","41"
"2358","49","46.0","Accumulation (LR)","2021-10-13 09:07:12","48"
"2359","49","46.0","Accumulation ","2021-11-23 16:15:03","52"
"2360","49","47.0","The Path (LR)","2021-10-13 09:11:25","61"
"2361","49","47.0","The Path","2021-11-24 14:21:25","60"
"2362","49","48.0","Happiness ","2021-11-24 18:18:18","38"
"2363","49","48.0","Happiness (LR)","2021-10-13 09:32:09","39"
"2364","49","49.0","The Legend of the Netherworld ","2021-11-25 15:38:01","26"
"2365","49","49.0","The Legend of the Netherworld","2021-10-13 09:34:25","28"
"2366","49","50.0","Dark Clouds","2021-11-26 21:36:08","39"
"2367","49","50.0","A Dark Cloud Hangs","2021-10-13 09:37:20","40"
"2368","49","51.0","Seeds and Soil","2021-10-13 09:40:00","51"
"2369","49","51.0","Seeds and Soil","2021-11-27 19:00:36","50"
"2370","49","52.0","Light and Shadow","2021-12-08 22:39:10","42"
"2371","49","52.0","Light and Shadow","2021-10-13 09:42:22","43"
"2372","49","53.0","Path of Light","2021-10-13 09:44:58","41"
"2373","49","53.0","Path of Light","2021-12-10 01:21:46","40"
"2374","49","54.0","Substitute","2021-11-13 21:57:07","24"
"2375","49","55.0","Taboo","2021-11-14 07:26:11","34"
"2376","50","1.0","MOTHER AND CHILD","2025-10-22 01:16:58","0"
"2377","50","1.0","Mother and Child","2020-05-04 00:23:07","41"
"2378","50","2.0","BROTHER AND SISTER","2025-10-22 01:17:00","0"
"2379","50","2.0","Brother and Sister","2020-05-10 05:57:49","26"
"2380","50","3.0","Babysitter","2020-06-12 00:04:33","23"
"2381","50","3.0","BABYSITTER","2025-10-22 01:17:02","0"
"2382","50","4.0","How to Create a Smile","2020-06-12 00:04:56","19"
"2383","50","5.0","Director and Actress","2020-06-27 06:46:14","19"
"2384","50","6.0","Child Actors","2020-06-27 06:46:40","19"
"2385","50","7.0","Failure Stems from Fear of Failure","2020-06-29 04:59:26","18"
"2386","50","8.0","Hoshino Ai - Prequel","2020-07-25 05:43:19","19"
"2387","50","9.0","Hoshino Ai - Fallout","2020-07-25 05:43:51","19"
"2388","50","10.0","Introduction","2020-07-25 05:44:25","20"
"2389","50","11.0","Audition","2020-08-08 23:47:55","20"
"2390","50","11.0","Audition","2020-07-21 11:05:46","20"
"2391","50","12.0","The Third Option","2020-07-30 08:13:04","20"
"2392","50","13.0","Formalities","2020-08-06 16:55:20","22"
"2393","50","14.0","Connection","2020-08-21 01:07:45","20"
"2394","50","15.0","Live Action Manga Adaptation","2020-08-28 00:11:20","20"
"2395","50","16.0","Acting Ability","2020-09-03 22:50:32","20"
"2396","50","17.0","Staging","2020-09-11 02:40:31","22"
"2397","50","18.0","A Bit of Praise","2020-09-18 15:48:49","19"
"2398","50","19.0","Performing Arts Program","2020-09-25 00:20:05","20"
"2399","50","20.0","Joining","2020-10-02 20:48:22","21"
"2400","50","20.5","Volume 2 Extras","2020-10-14 01:40:56","3"
"2401","50","21.0","Reality Dating Show","2020-10-16 23:09:11","22"
"2402","50","22.0","Self-Proclaimed Idols","2020-10-23 06:57:18","20"
"2403","50","23.0","Leaving a Mark","2020-10-31 07:15:19","20"
"2404","50","24.0","Ego Search","2020-11-07 01:50:34","20"
"2405","50","25.0","Outrage","2020-11-21 07:05:47","22"
"2406","50","26.0","Tempest","2020-11-27 20:05:06","19"
"2407","50","27.0","Buzz","2020-12-05 01:30:21","19"
"2408","50","28.0","Getting Into Character","2020-12-11 01:00:40","19"
"2409","50","29.0","Carbon  Copy","2020-12-25 17:20:12","20"
"2410","50","30.0","The First Time","2021-01-09 02:08:08","20"
"2411","50","30.5","Volume 3 Extras","2021-07-07 16:38:34","6"
"2412","50","31.0","LoveNow","2021-01-22 11:22:40","19"
"2413","50","32.0","The Proper Age","2021-01-29 22:30:02","19"
"2414","50","33.0","Motivation","2021-02-12 01:43:31","23"
"2415","50","34.0","Center","2021-02-20 03:17:43","19"
"2416","50","35.0","Sense of Responsibility","2021-02-26 05:09:27","19"
"2417","50","36.0","The Night Before","2021-03-04 01:23:03","19"
"2418","50","37.0","Pressure","2021-03-19 01:39:43","21"
"2419","50","38.0","Not Picking a Favorite","2021-07-07 16:21:03","20"
"2420","50","39.0","A Slightly Enjoyable Job","2021-07-07 16:32:18","19"
"2421","50","40.0","Competitive","2021-07-07 16:34:10","20"
"2422","50","40.5","Volume 4 Extras","2021-07-07 16:50:36","6"
"2423","50","41.0","Cast Meeting","2021-07-07 16:40:04","21"
"2424","50","42.0","Read-Through","2021-07-07 16:41:30","21"
"2425","50","43.0","Designated Loser","2021-07-07 16:42:56","20"
"2426","50","44.0","Visiting the Set","2021-07-07 16:43:52","20"
"2427","50","45.0","Telephone Game","2021-07-07 16:45:14","20"
"2428","50","46.0","Theater","2021-07-07 16:46:15","21"
"2429","50","47.0","Workplace Visit","2021-08-24 12:40:16","19"
"2430","50","48.0","Crunch Time","2021-07-07 16:50:08","19"
"2431","50","49.0","Rewriting","2021-07-08 18:24:37","21"
"2432","50","50.0","Emotional Acting","2021-07-15 04:17:50","18"
"2433","50","51.0","Deduction","2021-07-28 20:32:39","19"
"2434","50","52.0","Boyfriend, Girlfriend","2021-08-08 09:17:48","20"
"2435","50","53.0","Pick-up","2021-08-26 22:14:08","20"
"2436","50","54.0","Point of Contention","2021-09-03 07:17:31","19"
"2437","50","55.0","The Curtains Rise","2021-09-09 05:08:38","19"
"2438","50","56.0","The First Battle","2021-09-16 08:11:45","19"
"2439","50","57.0","Sheer Incompetence","2021-09-30 19:25:12","19"
"2440","50","58.0","Growth","2021-10-06 21:33:10","20"
"2441","50","59.0","Admiration","2021-10-14 19:39:33","21"
"2442","50","60.0","The Sun","2021-10-21 11:28:04","19"
"2443","50","61.0","Flexibility","2021-11-05 09:54:24","19"
"2444","50","62.0","Adlib","2021-11-11 00:45:48","20"
"2445","50","63.0","Genius Actress","2021-11-19 13:31:08","18"
"2446","50","64.0","Trigger","2021-12-04 16:10:25","19"
"2447","50","65.0","Regret","2021-12-10 07:53:46","19"
"2448","50","66.0","Curtain Call","2021-12-23 07:06:25","19"
"2449","50","67.0","Drinking Party","2022-01-07 15:12:44","21"
"2450","50","68.0","Release","2022-01-20 11:12:10","20"
"2451","50","69.0","Room Tour","2022-01-28 09:08:06","21"
"2452","50","70.0","Flame","2022-02-06 12:00:59","20"
"2453","50","71.0","Overhead Bridge","2022-02-18 21:09:03","21"
"2454","50","72.0","Freedom","2022-02-25 08:36:03","19"
"2455","50","73.0","Smart","2022-03-08 06:21:16","22"
"2456","50","74.0","Takachiho","2022-03-12 15:32:07","24"
"2457","50","75.0","Mother and Mother","2022-03-31 20:54:55","21"
"2458","50","76.0","Music Video","2022-03-31 20:56:03","22"
"2459","50","77.0","Reunion","2022-04-08 14:53:17","19"
"2460","50","78.0","Using","2022-04-14 06:24:51","19"
"2461","50","79.0","Role","2022-04-30 18:05:21","22"
"2462","50","80.0","Prayers","2022-05-11 21:53:16","21"
"2463","50","81.0","Progress","2022-05-20 03:41:53","21"
"2464","50","82.0","B-Komachi Nights","2022-05-26 14:07:39","22"
"2465","50","83.0","Fixation","2022-06-09 21:44:45","21"
"2466","50","84.0","Pitching an Idea","2022-06-16 07:02:34","20"
"2467","50","85.0","Calculation","2022-06-24 11:47:23","23"
"2468","50","86.0","Assistant Director","2022-07-01 16:20:18","21"
"2469","50","87.0","Lies","2022-07-14 14:44:38","20"
"2470","50","88.0","Offer","2022-07-21 06:17:55","19"
"2471","50","89.0","Cosplay","2022-07-27 17:46:28","19"
